,Actual,Date,Forecasted
2012-09-05,0.14780966512663163,2012-09-05,0.14635108411312103
2012-09-06,0.14501817229298308,2012-09-06,0.11145342141389847
2012-09-07,0.14725999577586069,2012-09-07,0.10716846585273743
2012-09-10,0.1533979623747057,2012-09-10,0.1307363510131836
2012-09-11,0.13848911988684032,2012-09-11,0.13727031648159027
2012-09-12,0.12638580931263865,2012-09-12,0.13055668771266937
2012-09-13,0.11194405946831276,2012-09-13,0.0906706154346466
2012-09-14,0.12237861774474146,2012-09-14,0.09899860620498657
2012-09-17,0.1216645338641642,2012-09-17,0.10238207876682281
2012-09-18,0.13529746475311377,2012-09-18,0.10768269002437592
2012-09-19,0.15705765407554662,2012-09-19,0.12118390947580338
2012-09-20,0.1353228447133299,2012-09-20,0.1057184562087059
2012-09-21,0.1418281945179054,2012-09-21,0.1112876608967781
2012-09-24,0.16991913073344378,2012-09-24,0.12413103133440018
2012-09-25,0.16649798358843393,2012-09-25,0.13205143809318542
2012-09-26,0.17297423523001476,2012-09-26,0.1426142305135727
2012-09-27,0.17834890965732098,2012-09-27,0.15333782136440277
2012-09-28,0.14316449750761362,2012-09-28,0.12824657559394836
2012-10-01,0.13926360183052666,2012-10-01,0.1189516931772232
2012-10-02,0.1339994607064745,2012-10-02,0.12705253064632416
2012-10-03,0.1332055226120945,2012-10-03,0.12095919251441956
2012-10-04,0.13425584074194408,2012-10-04,0.11637119203805923
2012-10-05,0.13635017911596647,2012-10-05,0.1228451207280159
2012-10-08,0.13193230870338013,2012-10-08,0.1369403451681137
2012-10-09,0.09880681650373613,2012-10-09,0.12332619726657867
2012-10-10,0.10011820330969257,2012-10-10,0.11968472599983215
2012-10-11,0.1073486288551937,2012-10-11,0.11023637652397156
2012-10-12,0.11286273572218408,2012-10-12,0.12185047566890717
2012-10-15,0.09410114433370254,2012-10-15,0.10258693248033524
2012-10-16,0.08239705818229393,2012-10-16,0.07924704253673553
2012-10-17,0.10827661072644057,2012-10-17,0.08662285655736923
2012-10-18,0.0144652527405158,2012-10-18,0.08117489516735077
2012-10-19,0.0011012569012098794,2012-10-19,0.07729002833366394
2012-10-22,-0.0030115172170643856,2012-10-22,0.05950075387954712
2012-10-23,-0.027237632256219557,2012-10-23,0.009702550247311592
2012-10-24,-0.04085222686398071,2012-10-24,-0.01845649816095829
2012-10-25,-0.03283530973072479,2012-10-25,-0.025927023962140083
2012-10-26,-0.02461751831144643,2012-10-26,-0.02544868178665638
2012-10-31,-0.015317276516905953,2012-10-31,-0.032539598643779755
2012-11-01,-0.02613166392838928,2012-11-01,-0.0587419793009758
2012-11-02,-0.030664524856273134,2012-11-02,-0.06384355574846268
2012-11-05,-0.03805741006788921,2012-11-05,-0.061602652072906494
2012-11-06,-0.050899370718939574,2012-11-06,-0.07027064263820648
2012-11-07,-0.08299656357388319,2012-11-07,-0.0806448832154274
2012-11-08,-0.10414073789829814,2012-11-08,-0.08268782496452332
2012-11-09,-0.09667706644504703,2012-11-09,-0.09682724624872208
2012-11-12,-0.11139875630521234,2012-11-12,-0.12363360822200775
2012-11-13,-0.12027711036360722,2012-11-13,-0.12854261696338654
2012-11-14,-0.13392880843044097,2012-11-14,-0.1396605670452118
2012-11-15,-0.14440185062789157,2012-11-15,-0.14988844096660614
2012-11-16,-0.1422398939695163,2012-11-16,-0.15441294014453888
2012-11-19,-0.12283073853343474,2012-11-19,-0.17053775489330292
2012-11-20,-0.11495528342514427,2012-11-20,-0.1666986495256424
2012-11-21,-0.126727868852459,2012-11-21,-0.17280177772045135
2012-11-23,-0.13030401666558156,2012-11-23,-0.17789529263973236
2012-11-26,-0.1387351006317984,2012-11-26,-0.1746388077735901
2012-11-27,-0.11497149794151795,2012-11-27,-0.16012272238731384
2012-11-28,-0.08119985485626746,2012-11-28,-0.13912811875343323
2012-11-29,-0.07073976576770169,2012-11-29,-0.1348414421081543
2012-11-30,-0.07067387022941396,2012-11-30,-0.13710002601146698
2012-12-03,-0.06646525679758308,2012-12-03,-0.11846940219402313
2012-12-04,-0.06741072633539369,2012-12-04,-0.10457067936658859
2012-12-05,-0.07637975023499399,2012-12-05,-0.10386355966329575
2012-12-06,-0.08518974440429394,2012-12-06,-0.11606094241142273
2012-12-07,-0.015525179856115012,2012-12-07,-0.021753152832388878
2012-12-10,0.005324220067762786,2012-12-10,-0.001725057139992714
2012-12-11,0.02683189178835077,2012-12-11,0.0004628896713256836
2012-12-12,0.025295803630484226,2012-12-12,-0.0031588133424520493
2012-12-13,0.0374984755696941,2012-12-13,0.002614939585328102
2012-12-14,0.03571057601510863,2012-12-14,0.004538624547421932
2012-12-17,0.06758498111530775,2012-12-17,0.012369271367788315
2012-12-18,0.059933182183797395,2012-12-18,0.011387265287339687
2012-12-19,0.04729562675431587,2012-12-19,0.008525443263351917
2012-12-20,0.05006701380106349,2012-12-20,0.01707591861486435
2012-12-21,0.047835890828159755,2012-12-21,0.033830538392066956
2012-12-24,0.04074986798098923,2012-12-24,0.04129285365343094
2012-12-26,0.06258244393812218,2012-12-26,0.06822928786277771
2012-12-27,0.08278526422296828,2012-12-27,0.09332656860351562
2012-12-28,0.05577424852570778,2012-12-28,0.070694200694561
2012-12-31,0.062291635380687715,2012-12-31,0.06044117361307144
2013-01-02,0.0974076144384095,2013-01-02,0.06827621906995773
2013-01-03,0.10898781702551541,2013-01-03,0.08026479929685593
2013-01-04,0.14014460958502006,2013-01-04,0.0929240956902504
2013-01-07,0.1353101146512563,2013-01-07,0.10076982527971268
2013-01-08,0.09740949701441148,2013-01-08,0.0717884749174118
2013-01-09,0.10171798737256887,2013-01-09,0.07639636844396591
2013-01-10,0.1135506930782284,2013-01-10,0.09078124165534973
2013-01-11,0.10781921343772916,2013-01-11,0.09361311793327332
2013-01-14,0.09392724797700969,2013-01-14,0.11065798252820969
2013-01-15,0.08083970717597766,2013-01-15,0.09299157559871674
2013-01-16,0.04610411455819352,2013-01-16,0.06754346191883087
2013-01-17,0.028082498663082323,2013-01-17,0.0476604625582695
2013-01-18,0.008791901141228742,2013-01-18,0.029245873913168907
2013-01-22,0.010960086299892202,2013-01-22,0.025005823001265526
2013-01-23,0.07303590292751405,2013-01-23,0.022354621440172195
2013-01-24,0.09596987583960925,2013-01-24,0.027378832921385765
2013-01-25,0.09048948822942138,2013-01-25,0.030050287023186684
2013-01-28,0.09722161324739487,2013-01-28,0.053338423371315
2013-01-29,0.09958857342943017,2013-01-29,0.06315974146127701
2013-01-30,0.08172138675238205,2013-01-30,0.054904840886592865
2013-01-31,0.08333333333333348,2013-01-31,0.06283142417669296
2013-02-01,0.10374270670271812,2013-02-01,0.06133697181940079
2013-02-04,0.08128175380133884,2013-02-04,0.0718202069401741
2013-02-05,0.062376869502483556,2013-02-05,0.04634135961532593
2013-02-06,0.06809325030856916,2013-02-06,0.05010398477315903
2013-02-07,0.07476635514018692,2013-02-07,0.05523097515106201
2013-02-08,0.0872279749709286,2013-02-08,0.0549507662653923
2013-02-11,0.09333035227701458,2013-02-11,0.07107175141572952
2013-02-12,0.10035236081747723,2013-02-12,0.0858457013964653
2013-02-13,0.10437738936617436,2013-02-13,0.09011565148830414
2013-02-14,0.11543417010010071,2013-02-14,0.0968884825706482
2013-02-15,0.1326838188025885,2013-02-15,0.11018669605255127
2013-02-19,0.1406174898922785,2013-02-19,0.10103970766067505
2013-02-20,0.09569305219495328,2013-02-20,0.08114637434482574
2013-02-21,0.09929940442466867,2013-02-21,0.08503273129463196
2013-02-22,0.08366193747713324,2013-02-22,0.06537339091300964
2013-02-25,0.07624362027900644,2013-02-25,0.07413320243358612
2013-02-26,0.07749897722623755,2013-02-26,0.07763135433197021
2013-02-27,0.08353948826610358,2013-02-27,0.06955592334270477
2013-02-28,0.08054161946377514,2013-02-28,0.06516646593809128
2013-03-01,0.08946066838741062,2013-03-01,0.06935948878526688
2013-03-04,0.1358506740407881,2013-03-04,0.09925153851509094
2013-03-05,0.15680686411101785,2013-03-05,0.10292543470859528
2013-03-06,0.16246032522826082,2013-03-06,0.13024143874645233
2013-03-07,0.17049429230163637,2013-03-07,0.1474606841802597
2013-03-08,0.18028133028629822,2013-03-08,0.16825927793979645
2013-03-11,0.18773030574643967,2013-03-11,0.17759718000888824
2013-03-12,0.11612946729602158,2013-03-12,0.11764296144247055
2013-03-13,0.09482244007269536,2013-03-13,0.10007749497890472
2013-03-14,0.09005267557419039,2013-03-14,0.09998725354671478
2013-03-15,0.08468024456195966,2013-03-15,0.10188495367765427
2013-03-18,0.07179439549941624,2013-03-18,0.09199494123458862
2013-03-19,0.0762638791239405,2013-03-19,0.08446861803531647
2013-03-20,0.07809816194471275,2013-03-20,0.07478763908147812
2013-03-21,0.04597730789066534,2013-03-21,0.040235258638858795
2013-03-22,0.06757397697030387,2013-03-22,0.06121478229761124
2013-03-25,0.05733016428552773,2013-03-25,0.048313841223716736
2013-03-26,0.05485801835958304,2013-03-26,0.03991490602493286
2013-03-27,0.03709541960074936,2013-03-27,0.033962272107601166
2013-03-28,0.011227828921400063,2013-03-28,0.01637049950659275
2013-04-01,0.023989673065617056,2013-04-01,0.017552437260746956
2013-04-02,0.04142436275137684,2013-04-02,0.017562136054039
2013-04-03,0.029816314538998023,2013-04-03,0.015012582764029503
2013-04-04,0.009202609733187872,2013-04-04,0.008965336717665195
2013-04-05,-0.01241029651023473,2013-04-05,0.0009237043559551239
2013-04-08,-0.03966040775856727,2013-04-08,-0.02208065055310726
2013-04-09,-0.018688640436110404,2013-04-09,-0.009613735601305962
2013-04-10,-0.0067250763641849565,2013-04-10,-0.021238820627331734
2013-04-11,-0.011654224656438061,2013-04-11,-0.03128773719072342
2013-04-12,-0.0009105049508707497,2013-04-12,-0.02165929414331913
2013-04-15,-0.010378039056864075,2013-04-15,-0.02170918695628643
2013-04-16,-0.008014704043611931,2013-04-16,-0.03600750118494034
2013-04-17,-0.023265102346480382,2013-04-17,-0.03735879063606262
2013-04-18,-0.049958446520051214,2013-04-18,-0.04437071830034256
2013-04-19,-0.02633462527267061,2013-04-19,-0.06794082373380661
2013-04-22,-0.04589770618790279,2013-04-22,-0.08866962045431137
2013-04-23,-0.02824219971613462,2013-04-23,-0.07630389928817749
2013-04-24,-0.02299074220870634,2013-04-24,-0.07229422777891159
2013-04-25,-0.026962670771598973,2013-04-25,-0.06376707553863525
2013-04-26,-0.04000862461368926,2013-04-26,-0.061693623661994934
2013-04-29,-0.010330952985101782,2013-04-29,-0.0485294833779335
2013-04-30,-0.0008966327804096341,2013-04-30,-0.040837109088897705
2013-05-01,-0.0013511210653163186,2013-05-01,-0.030309105291962624
2013-05-02,0.018798922267168727,2013-05-02,-0.0160368625074625
2013-05-03,0.04695527302888136,2013-05-03,-0.0022425316274166107
2013-05-06,0.0619114529408864,2013-05-06,3.291480243206024e-05
2013-05-07,0.05219293292811655,2013-05-07,0.005885554477572441
2013-05-08,0.07688040825382747,2013-05-08,0.021150503307580948
2013-05-09,0.07548962742654064,2013-05-09,0.03443213552236557
2013-05-10,0.08718689788053946,2013-05-10,0.04616495594382286
2013-05-13,0.08014327564560197,2013-05-13,0.05241096019744873
2013-05-14,0.10520020930406404,2013-05-14,0.07509507983922958
2013-05-15,0.15324079437110605,2013-05-15,0.09549480676651001
2013-05-16,0.12815936294761543,2013-05-16,0.09652626514434814
2013-05-17,0.11824756469546394,2013-05-17,0.08879243582487106
2013-05-20,0.12692600613741956,2013-05-20,0.10832475870847702
2013-05-21,0.14074232457519464,2013-05-21,0.1325409710407257
2013-05-22,0.1358406232041376,2013-05-22,0.1558837741613388
2013-05-23,0.13930438149319224,2013-05-23,0.16767950356006622
2013-05-24,0.12302449688163075,2013-05-24,0.15767879784107208
2013-05-28,0.11527753170163768,2013-05-28,0.12949161231517792
2013-05-29,0.09858424322170056,2013-05-29,0.12155978381633759
2013-05-30,0.10215809126004682,2013-05-30,0.11353890597820282
2013-05-31,0.1141892496770811,2013-05-31,0.11830080300569534
2013-06-03,0.09360071593329722,2013-06-03,0.09569838643074036
2013-06-04,0.09780719689225115,2013-06-04,0.10729007422924042
2013-06-05,0.12244977895690656,2013-06-05,0.1272459179162979
2013-06-06,0.08097565854451338,2013-06-06,0.07325999438762665
2013-06-07,0.09950582042059009,2013-06-07,0.07111417502164841
2013-06-10,0.10189379873746751,2013-06-10,0.06265948712825775
2013-06-11,0.08157314365655588,2013-06-11,0.061507463455200195
2013-06-12,0.07771598071931773,2013-06-12,0.07352465391159058
2013-06-13,0.09430760400289495,2013-06-13,0.08750403672456741
2013-06-14,0.06834664127170176,2013-06-14,0.06516192853450775
2013-06-17,0.0748026243981712,2013-06-17,0.0584365651011467
2013-06-18,0.09774142827541654,2013-06-18,0.06568100303411484
2013-06-19,0.08566675907956744,2013-06-19,0.05742497742176056
2013-06-20,0.04613820176890693,2013-06-20,0.04076884314417839
2013-06-21,0.02249434159363939,2013-06-21,0.021718084812164307
2013-06-24,0.014651843729220904,2013-06-24,0.02632361464202404
2013-06-25,-0.008504744571500411,2013-06-25,0.000512169674038887
2013-06-26,0.002490016982604315,2013-06-26,-0.0034055542200803757
2013-06-27,-0.0035899708030855404,2013-06-27,-0.020229162648320198
2013-06-28,0.00323635659179744,2013-06-28,-0.020926905795931816
2013-07-01,0.0008792695299288944,2013-07-01,-0.03463554382324219
2013-07-02,-0.03666379150334653,2013-07-02,-0.06794027239084244
2013-07-03,-0.01929481009437206,2013-07-03,-0.05180411785840988
2013-07-05,-0.0172573087837391,2013-07-05,-0.05533933639526367
2013-07-08,-0.003786336169416482,2013-07-08,-0.05029149353504181
2013-07-09,-0.001907450081039097,2013-07-09,-0.041890084743499756
2013-07-10,0.018630118504193716,2013-07-10,-0.013139469549059868
2013-07-11,0.042422320144088754,2013-07-11,0.0018427353352308273
2013-07-12,0.05688636467732322,2013-07-12,0.0219101682305336
2013-07-15,0.049269803805871204,2013-07-15,0.019460083916783333
2013-07-16,0.05907797906277712,2013-07-16,0.04373474046587944
2013-07-17,0.05488309063346963,2013-07-17,0.045196279883384705
2013-07-18,0.045295207399296045,2013-07-18,0.047058843076229095
2013-07-19,0.033387503889906966,2013-07-19,0.05117691308259964
2013-07-22,0.06006285647770926,2013-07-22,0.05758272856473923
2013-07-23,0.051296964057229166,2013-07-23,0.0522235631942749
2013-07-24,0.0442496299037749,2013-07-24,0.040824659168720245
2013-07-25,0.009059597831152733,2013-07-25,0.01688532903790474
2013-07-26,-0.005470557839635126,2013-07-26,-0.0021069105714559555
2013-07-29,0.002796058239847188,2013-07-29,0.004795935936272144
2013-07-30,0.021720681667010577,2013-07-30,0.008393913507461548
2013-07-31,0.01225769669327259,2013-07-31,-0.0018825232982635498
2013-08-01,0.03334704699213753,2013-08-01,-0.0017722398042678833
2013-08-02,0.02292806770098732,2013-08-02,-0.013933831825852394
2013-08-05,0.004863316382047955,2013-08-05,-0.02691197581589222
2013-08-06,-0.004563218901274535,2013-08-06,-0.02153097279369831
2013-08-07,0.006679928566584392,2013-08-07,0.001965029165148735
2013-08-08,0.013315473420135504,2013-08-08,0.00801989994943142
2013-08-09,0.02370687177364661,2013-08-09,0.021981924772262573
2013-08-12,0.022292773031632462,2013-08-12,0.02504023164510727
2013-08-13,0.008699135809534742,2013-08-13,0.012622019276022911
2013-08-14,-0.008277560513984206,2013-08-14,0.0041769715026021
2013-08-15,-0.023524200052250754,2013-08-15,-0.00624341145157814
2013-08-16,-0.0348830923097716,2013-08-16,-0.0238336194306612
2013-08-19,-0.018882252269610378,2013-08-19,-0.02624903805553913
2013-08-20,-0.023701815146147998,2013-08-20,-0.038264185190200806
2013-08-21,-0.027040034023883885,2013-08-21,-0.05149514228105545
2013-08-22,-0.03467058524566613,2013-08-22,-0.06723600625991821
2013-08-23,-0.03869692015377135,2013-08-23,-0.06713883578777313
2013-08-26,-0.04370909171182913,2013-08-26,-0.06682844460010529
2013-08-27,-0.07616491350082588,2013-08-27,-0.08206474781036377
2013-08-28,-0.08066088840736729,2013-08-28,-0.08662643283605576
2013-08-29,-0.07490077755788438,2013-08-29,-0.09149625152349472
2013-08-30,-0.07906412297413679,2013-08-30,-0.08825316280126572
2013-09-03,-0.063328071416907,2013-09-03,-0.09025798738002777
2013-09-04,-0.04287565335793031,2013-09-04,-0.08253578096628189
2013-09-05,-0.019002942232750897,2013-09-05,-0.06447616964578629
2013-09-06,-0.03417151641594374,2013-09-06,-0.076384998857975
2013-09-09,-0.01742199601681782,2013-09-09,-0.06268113106489182
2013-09-10,-0.015760327832539667,2013-09-10,-0.05482710152864456
2013-09-11,0.009564041906049425,2013-09-11,-0.02971363253891468
2013-09-12,0.008712938385948998,2013-09-12,-0.020063648000359535
2013-09-13,0.007705124281682574,2013-09-13,-0.010900517925620079
2013-09-16,-0.0035468953441386564,2013-09-16,-0.018806898966431618
2013-09-17,-0.0018473669388904268,2013-09-17,-0.013794520869851112
2013-09-18,-0.0009953329941827516,2013-09-18,-0.03482268750667572
2013-09-19,-0.009023020836780415,2013-09-19,-0.036204464733600616
2013-09-20,-0.0020883977900552075,2013-09-20,-0.032689258456230164
2013-09-23,-0.011231694123158276,2013-09-23,-0.020038360729813576
2013-09-24,-0.0042777746589568455,2013-09-24,-0.01306108757853508
2013-09-25,-0.017285416619989613,2013-09-25,-0.0173515435308218
2013-09-26,-0.013746476342359149,2013-09-26,-0.018273046240210533
2013-09-27,-0.010299149642578831,2013-09-27,-0.01633859984576702
2013-09-30,-0.006059574468085138,2013-09-30,-0.01513841561973095
2013-10-01,0.019767535438774075,2013-10-01,-0.004284156486392021
2013-10-02,0.03295488914221911,2013-10-02,0.007773521356284618
2013-10-03,0.02238513352658633,2013-10-03,0.012345029041171074
2013-10-04,0.0077398486686306445,2013-10-04,0.0012786518782377243
2013-10-07,0.0003697626585936753,2013-10-07,0.0008555036038160324
2013-10-08,-0.018013872752579707,2013-10-08,-0.006342828273773193
2013-10-09,-0.020430119833812155,2013-10-09,-0.016514362767338753
2013-10-10,-0.0022638213764494264,2013-10-10,-0.01729128696024418
2013-10-11,0.006463601842126465,2013-10-11,-0.015329128131270409
2013-10-14,0.030535787802152603,2013-10-14,0.004591020755469799
2013-10-15,0.039431972187849995,2013-10-15,0.008085563778877258
2013-10-16,0.049798347030148626,2013-10-16,0.0027864081785082817
2013-10-17,0.049467469594993485,2013-10-17,0.020737839862704277
2013-10-18,0.17553871545131217,2013-10-18,0.009524652734398842
2013-10-21,0.15105652142986603,2013-10-21,0.021483782678842545
2013-10-22,0.14489062713174783,2013-10-22,0.04381735622882843
2013-10-23,0.17261647604538544,2013-10-23,0.07655876874923706
2013-10-24,0.1548284225959231,2013-10-24,0.09716987609863281
2013-10-25,0.14238131139793175,2013-10-25,0.12253465503454208
2013-10-28,0.13257233399167578,2013-10-28,0.12871414422988892
2013-10-29,0.16031997706771306,2013-10-29,0.14212751388549805
2013-10-30,0.15898896372380977,2013-10-30,0.1543879508972168
2013-10-31,0.1608768135532126,2013-10-31,0.15905919671058655
2013-11-01,0.15904345961562338,2013-11-01,0.1617071032524109
2013-11-04,0.13593189567373676,2013-11-04,0.13590487837791443
2013-11-05,0.13705628958470162,2013-11-05,0.14028578996658325
2013-11-06,0.1324755566874467,2013-11-06,0.13049554824829102
2013-11-07,0.13699943598420772,2013-11-07,0.15062245726585388
2013-11-08,0.14567452979116857,2013-11-08,0.14542415738105774
2013-11-11,0.15202398458785038,2013-11-11,0.15552693605422974
2013-11-12,0.1521459398521927,2013-11-12,0.1513143926858902
2013-11-13,0.17809422745581305,2013-11-13,0.15210989117622375
2013-11-14,0.18189083353312552,2013-11-14,0.15579161047935486
2013-11-15,0.16522586143918172,2013-11-15,0.14658445119857788
2013-11-18,0.1616684872577394,2013-11-18,0.1520870178937912
2013-11-19,0.17019940873654527,2013-11-19,0.17423106729984283
2013-11-20,0.17190347910815595,2013-11-20,0.1827256977558136
2013-11-21,0.19443481876775937,2013-11-21,0.19262400269508362
2013-11-22,0.20876919652793258,2013-11-22,0.21044936776161194
2013-11-25,0.22208071413548947,2013-11-25,0.20776544511318207
2013-11-26,0.219029300654197,2013-11-26,0.1930670291185379
2013-11-27,0.21917682542230965,2013-11-27,0.193020761013031
2013-11-29,0.20942575703964095,2013-11-29,0.1937403678894043
2013-12-02,0.19554200065758898,2013-12-02,0.19091267883777618
2013-12-03,0.17285744669715575,2013-12-03,0.17203402519226074
2013-12-04,0.19057959437169925,2013-12-04,0.1848672330379486
2013-12-05,0.04541185078257093,2013-12-05,0.03315187245607376
2013-12-06,0.06635104156284255,2013-12-06,0.0428420715034008
2013-12-09,0.07064548162859996,2013-12-09,0.04028873145580292
2013-12-10,0.05162835341910599,2013-12-10,0.016359398141503334
2013-12-11,0.0504509775242552,2013-12-11,0.027994826436042786
2013-12-12,0.053940110323088986,2013-12-12,0.043838076293468475
2013-12-13,0.04511330049261075,2013-12-13,0.04598667472600937
2013-12-16,0.03545510692503662,2013-12-16,0.021387895569205284
2013-12-17,0.03827565458744964,2013-12-17,0.027586106210947037
2013-12-18,0.05256263463292532,2013-12-18,0.02688136138021946
2013-12-19,0.05762190372332143,2013-12-19,0.032432250678539276
2013-12-20,0.07261404722690545,2013-12-20,0.03634745627641678
2013-12-23,0.09160858328764965,2013-12-23,0.046895600855350494
2013-12-24,0.08710828648252256,2013-12-24,0.053778864443302155
2013-12-26,0.10864626221538765,2013-12-26,0.07918404787778854
2013-12-27,0.10075489896951884,2013-12-27,0.07784266024827957
2013-12-30,0.0978339385903284,2013-12-30,0.09116069972515106
2013-12-31,0.10766174464804612,2013-12-31,0.09367041289806366
2014-01-02,0.0781136497912771,2014-01-02,0.07315948605537415
2014-01-03,0.06739565120794411,2014-01-03,0.07158336043357849
2014-01-06,0.0810402879368397,2014-01-06,0.07244249433279037
2014-01-07,0.10402791915079246,2014-01-07,0.07403971999883652
2014-01-08,0.1131779165040967,2014-01-08,0.08393198996782303
2014-01-09,0.10557463000459744,2014-01-09,0.09173057973384857
2014-01-10,0.09294341775701853,2014-01-10,0.08156152069568634
2014-01-13,0.08827491302367485,2014-01-13,0.08631761372089386
2014-01-14,0.09892631438050348,2014-01-14,0.07074327766895294
2014-01-15,0.08523162101643011,2014-01-15,0.060017675161361694
2014-01-16,0.08758265842669166,2014-01-16,0.05903039872646332
2014-01-17,0.08582564954369154,2014-01-17,0.06821534782648087
2014-01-21,0.10357711857977403,2014-01-21,0.07826752215623856
2014-01-22,0.10610865313407891,2014-01-22,0.08477652817964554
2014-01-23,0.09631631669470209,2014-01-23,0.08434178680181503
2014-01-24,0.06288421888890983,2014-01-24,0.08888841420412064
2014-01-27,0.029311972482638282,2014-01-27,0.07219748944044113
2014-01-28,0.041617971691988,2014-01-28,0.0542340949177742
2014-01-29,0.02052256006490505,2014-01-29,0.0389808751642704
2014-01-30,0.05393162472500457,2014-01-30,0.03745204955339432
2014-01-31,0.10375154211372384,2014-01-31,0.04034585878252983
2014-02-03,0.06847726694256173,2014-02-03,0.054849058389663696
2014-02-04,0.06074670543719374,2014-02-04,0.04502594470977783
2014-02-05,0.06855102536780522,2014-02-05,0.05089914798736572
2014-02-06,0.06933394791426606,2014-02-06,0.037850916385650635
2014-02-07,0.08397930437664569,2014-02-07,0.040986210107803345
2014-02-10,0.06569933310316012,2014-02-10,0.033655792474746704
2014-02-11,0.06733028427943699,2014-02-11,0.0265114177018404
2014-02-12,0.06732083753058005,2014-02-12,0.038911305367946625
2014-02-13,0.07377445277683314,2014-02-13,0.04111364483833313
2014-02-14,0.0754649499284692,2014-02-14,0.04819701239466667
2014-02-18,0.09141384096767813,2014-02-18,0.06474602222442627
2014-02-19,0.07283775463768483,2014-02-19,0.059600017964839935
2014-02-20,0.08174320827943071,2014-02-20,0.07175871729850769
2014-02-21,0.08940271493212659,2014-02-21,0.08256153017282486
2014-02-24,0.08519493072709694,2014-02-24,0.07004785537719727
2014-02-25,0.07124668528177303,2014-02-25,0.048541054129600525
2014-02-26,0.06917098218588724,2014-02-26,0.04802883043885231
2014-02-27,0.07871779445073623,2014-02-27,0.06149696558713913
2014-02-28,0.07562512166203605,2014-02-28,0.06338383257389069
2014-03-03,0.07098078327307711,2014-03-03,0.07188266515731812
2014-03-04,0.05699495388898557,2014-03-04,0.04351956397294998
2014-03-05,0.06062927687137609,2014-03-05,0.04397343844175339
2014-03-06,0.05482520627562226,2014-03-06,0.03695918619632721
2014-03-07,0.05585252014289077,2014-03-07,0.04403013736009598
2014-03-10,0.04113603162327051,2014-03-10,0.032090187072753906
2014-03-11,0.030016652074642547,2014-03-11,0.031480588018894196
2014-03-12,0.04068614774588397,2014-03-12,0.03517388924956322
2014-03-13,0.05804258651219496,2014-03-13,0.07018374651670456
2014-03-14,0.0649909646486202,2014-03-14,0.08942161500453949
2014-03-17,0.06152215919715753,2014-03-17,0.06004076451063156
2014-03-18,0.0942615545838903,2014-03-18,0.0711667463183403
2014-03-19,0.056244990708038456,2014-03-19,0.04172448068857193
2014-03-20,0.013709069663073725,2014-03-20,-0.0014740228652954102
2014-03-21,0.04376979610562626,2014-03-21,0.04478833079338074
2014-03-24,0.017370141280663498,2014-03-24,0.03863641247153282
2014-03-25,0.013575927221833428,2014-03-25,0.02814312092959881
2014-03-26,-0.024130142418704148,2014-03-26,0.005204588174819946
2014-03-27,-0.05364179915749434,2014-03-27,-0.020923679694533348
2014-03-28,-0.044998422753275924,2014-03-28,-0.02951175533235073
2014-03-31,-0.06357861836024814,2014-03-31,-0.05655845254659653
2014-04-01,-0.04365082709047852,2014-04-01,-0.06397367268800735
2014-04-02,-0.05400450037503135,2014-04-02,-0.08114586025476456
2014-04-03,-0.5248586631193881,2014-04-03,-0.08599113672971725
2014-04-04,-0.5497076506342495,2014-04-04,-0.14939159154891968
2014-04-07,-0.5503518139627726,2014-04-07,-0.22333963215351105
2014-04-08,-0.5369941284434145,2014-04-08,-0.3058435916900635
2014-04-09,-0.5289543857317307,2014-04-09,-0.37498849630355835
2014-04-10,-0.5491253680382018,2014-04-10,-0.4310009777545929
2014-04-11,-0.5592131147540984,2014-04-11,-0.4704345762729645
2014-04-14,-0.5531770163173984,2014-04-14,-0.4947756230831146
2014-04-15,-0.5499544787198267,2014-04-15,-0.508895993232727
2014-04-16,-0.5361329329988073,2014-04-16,-0.5149558186531067
2014-04-17,-0.5482293857935129,2014-04-17,-0.5125154852867126
2014-04-21,-0.5560411882361657,2014-04-21,-0.5174734592437744
2014-04-22,-0.5522302300001642,2014-04-22,-0.5200626850128174
2014-04-23,-0.5592771459728929,2014-04-23,-0.5228632092475891
2014-04-24,-0.5600556474781648,2014-04-24,-0.5249993801116943
2014-04-25,-0.5682461599412332,2014-04-25,-0.5297545790672302
2014-04-28,-0.5641797014975125,2014-04-28,-0.5332819819450378
2014-04-29,-0.5557607885364035,2014-04-29,-0.5464006066322327
2014-04-30,-0.5501656770894656,2014-04-30,-0.5489695072174072
2014-05-01,-0.5408168485675307,2014-05-01,-0.5525113344192505
2014-05-02,-0.5521600536867712,2014-05-02,-0.5706475377082825
2014-05-05,-0.5580387365222991,2014-05-05,-0.5877406001091003
2014-05-06,-0.5642526579111944,2014-05-06,-0.5926589965820312
2014-05-07,-0.5673092986735273,2014-05-07,-0.6013340353965759
2014-05-08,-0.5603107249120909,2014-05-08,-0.6057878732681274
2014-05-09,-0.5452056687364522,2014-05-09,-0.6058441996574402
2014-05-12,-0.5353234603700636,2014-05-12,-0.6136839389801025
2014-05-13,-0.5215950952763766,2014-05-13,-0.6101469397544861
2014-05-14,-0.5203988225580645,2014-05-14,-0.6079702973365784
2014-05-15,-0.5276346917823507,2014-05-15,-0.6135531663894653
2014-05-16,-0.52598002709711,2014-05-16,-0.6147869229316711
2014-05-19,-0.5252138973821252,2014-05-19,-0.6246337294578552
2014-05-20,-0.5239274072768918,2014-05-20,-0.6266806721687317
2014-05-21,-0.038145231846019145,2014-05-21,-0.0892682820558548
2014-05-22,0.018707015130674076,2014-05-22,-0.0331498458981514
2014-05-23,0.042857407099125,2014-05-23,-0.016226841136813164
2014-05-27,0.03113845491560685,2014-05-27,-0.040236860513687134
2014-05-28,0.0060136851015801795,2014-05-28,-0.045927494764328
2014-05-29,0.04366277049150313,2014-05-29,0.007861095480620861
2014-05-30,0.06302067836953285,2014-05-30,0.03682998567819595
2014-06-02,0.03510638297872348,2014-06-02,0.02798803709447384
2014-06-03,0.010588664115181334,2014-06-03,0.02340218424797058
2014-06-04,-0.017981911686469232,2014-06-04,-0.010616997256875038
2014-06-05,0.03973570876430954,2014-06-05,0.026709705591201782
2014-06-06,0.04942803641285187,2014-06-06,0.031183267012238503
2014-06-09,0.04625114573785516,2014-06-09,0.0162661112844944
2014-06-10,0.057282655206414734,2014-06-10,0.03417512774467468
2014-06-11,0.06185914227976941,2014-06-11,0.04261139780282974
2014-06-12,0.06958516536035164,2014-06-12,0.06954499334096909
2014-06-13,0.07145588741443265,2014-06-13,0.06926439702510834
2014-06-16,0.02977644360748033,2014-06-16,0.038858138024806976
2014-06-17,0.029417813341310328,2014-06-17,0.038635097444057465
2014-06-18,0.041093346703062084,2014-06-18,0.026353221386671066
2014-06-19,0.05829134433476324,2014-06-19,0.03432662412524223
2014-06-20,0.05826312741673356,2014-06-20,0.03243851661682129
2014-06-23,0.0989723864745391,2014-06-23,0.06293708831071854
2014-06-24,0.10528957528957528,2014-06-24,0.07902326434850693
2014-06-25,0.1264202087778996,2014-06-25,0.08066119253635406
2014-06-26,0.11042117655994832,2014-06-26,0.0761801078915596
2014-06-27,0.08777371246030152,2014-06-27,0.060397371649742126
2014-06-30,0.0796432396498874,2014-06-30,0.06252181529998779
2014-07-01,0.10680937856701789,2014-07-01,0.0844656303524971
2014-07-02,0.11653311158149382,2014-07-02,0.10207679122686386
2014-07-03,0.12261972364187024,2014-07-03,0.10822413116693497
2014-07-07,0.09637548020711528,2014-07-07,0.08829206228256226
2014-07-08,0.07033808915783046,2014-07-08,0.08649329096078873
2014-07-09,0.061233400036383445,2014-07-09,0.06328821927309036
2014-07-10,0.04427041137816179,2014-07-10,0.04724942892789841
2014-07-11,0.04052855622561191,2014-07-11,0.025342527776956558
2014-07-14,0.033729364899890424,2014-07-14,0.0006346460431814194
2014-07-15,0.03963537558068175,2014-07-15,0.010216111317276955
2014-07-16,0.03515844083006181,2014-07-16,0.012463931925594807
2014-07-17,0.016041284002449085,2014-07-17,0.012938136234879494
2014-07-18,0.07224368288620342,2014-07-18,0.027522489428520203
2014-07-21,0.07922309787019177,2014-07-21,0.0523701086640358
2014-07-22,0.08994871424443818,2014-07-22,0.05900706350803375
2014-07-23,0.07126546651797594,2014-07-23,0.042202726006507874
2014-07-24,0.06533222620709145,2014-07-24,0.04664374142885208
2014-07-25,0.04792108352460889,2014-07-25,0.04252567142248154
2014-07-28,0.05405595636107696,2014-07-28,0.050182268023490906
2014-07-29,0.04660792951541848,2014-07-29,0.052741870284080505
2014-07-30,0.06423592493297603,2014-07-30,0.06738488376140594
2014-07-31,0.03426429909877737,2014-07-31,0.06280820071697235
2014-08-01,0.038565996740901776,2014-08-01,0.07193354517221451
2014-08-04,0.05749026089009557,2014-08-04,0.06444667279720306
2014-08-05,0.022259479898690815,2014-08-05,0.03513520210981369
2014-08-06,0.016814456893042395,2014-08-06,0.01768297702074051
2014-08-07,0.009337710936948351,2014-08-07,0.007297626696527004
2014-08-08,0.006355673962632258,2014-08-08,-0.01360318623483181
2014-08-11,0.00822649945855325,2014-08-11,-0.013282882049679756
2014-08-12,-0.023569368354581566,2014-08-12,-0.0387786403298378
2014-08-13,-0.00035911554970335935,2014-08-13,-0.03710668534040451
2014-08-14,-0.0017756833819939644,2014-08-14,-0.035985223948955536
2014-08-15,-0.0016419518702857072,2014-08-15,-0.029695024713873863
2014-08-18,0.00204568124566773,2014-08-18,-0.03755147010087967
2014-08-19,0.010714648430887985,2014-08-19,-0.02989926002919674
2014-08-20,0.003928643690564337,2014-08-20,-0.026608509942889214
2014-08-21,0.0028099397386416314,2014-08-21,-0.015594588592648506
2014-08-22,0.024446749654218447,2014-08-22,0.012259053066372871
2014-08-25,0.012359434997257335,2014-08-25,0.004895552061498165
2014-08-26,0.013930073788014585,2014-08-26,0.011274615302681923
2014-08-27,-0.006221767663854072,2014-08-27,-0.00345413014292717
2014-08-28,-0.02345774576784565,2014-08-28,-0.021954739466309547
2014-08-29,-0.01804201935723182,2014-08-29,-0.025399884209036827
2014-09-02,-0.0033693406928312353,2014-09-02,-0.02635037712752819
2014-09-03,0.014978823043283462,2014-09-03,-0.011273123323917389
2014-09-04,-0.019781527325610226,2014-09-04,-0.0568685308098793
2014-09-05,-0.0011028674553841267,2014-09-05,-0.04337747395038605
2014-09-08,-0.0032142087910268513,2014-09-08,-0.048798322677612305
2014-09-09,-0.02184437945108153,2014-09-09,-0.04584638029336929
2014-09-10,-0.015903550521550236,2014-09-10,-0.03777339309453964
2014-09-11,-0.011653959336543673,2014-09-11,-0.025732247158885002
2014-09-12,-0.02357183399552598,2014-09-12,-0.02606499008834362
2014-09-15,-0.02072565030726503,2014-09-15,-0.017762670293450356
2014-09-16,-0.011185006045949297,2014-09-16,-0.023770345374941826
2014-09-17,0.023708049348632576,2014-09-17,0.003699946217238903
2014-09-18,0.04126569037656891,2014-09-18,0.014407655224204063
2014-09-19,0.039723839455922505,2014-09-19,-0.0007341187447309494
2014-09-22,0.04210140628816683,2014-09-22,0.02167331986129284
2014-09-23,0.02905185468850613,2014-09-23,0.022799594327807426
2014-09-24,0.0465364369283503,2014-09-24,0.029222317039966583
2014-09-25,0.01264837180330125,2014-09-25,0.01852710358798504
2014-09-26,0.01844954525768716,2014-09-26,0.017749371007084846
2014-09-29,0.027424316576941887,2014-09-29,0.02444048784673214
2014-09-30,0.006586150266867374,2014-09-30,-0.0030141063034534454
2014-10-01,-0.008586333703925364,2014-10-01,-0.00604008324444294
2014-10-02,-0.004848297956176917,2014-10-02,-0.008703161031007767
2014-10-03,-0.01088240256453521,2014-10-03,-0.029674360528588295
2014-10-06,-0.015625261677078006,2014-10-06,-0.039891451597213745
2014-10-07,-0.035790463714079235,2014-10-07,-0.0371801033616066
2014-10-08,-0.014651767327233944,2014-10-08,-0.03429710865020752
2014-10-09,-0.036672629695885584,2014-10-09,-0.035655438899993896
2014-10-10,-0.059908224257920306,2014-10-10,-0.035313673317432404
2014-10-13,-0.07374345371692848,2014-10-13,-0.03868231177330017
2014-10-14,-0.05885077186963972,2014-10-14,-0.041491322219371796
2014-10-15,-0.06822098152743317,2014-10-15,-0.04883934557437897
2014-10-16,-0.07802733704237941,2014-10-16,-0.06485884636640549
2014-10-17,-0.1115471518611012,2014-10-17,-0.08730541169643402
2014-10-20,-0.09692631293255527,2014-10-20,-0.1015552282333374
2014-10-21,-0.09291229726540107,2014-10-21,-0.11722202599048615
2014-10-22,-0.09215764997156128,2014-10-22,-0.12997348606586456
2014-10-23,-0.07975001246613367,2014-10-23,-0.1369769275188446
2014-10-24,-0.07275706539182736,2014-10-24,-0.11678330600261688
2014-10-27,-0.07337130531495395,2014-10-27,-0.11338014900684357
2014-10-28,-0.05442303462976428,2014-10-28,-0.10329122841358185
2014-10-29,-0.04522140536843888,2014-10-29,-0.08484072983264923
2014-10-30,-0.036740939412695184,2014-10-30,-0.07176578044891357
2014-10-31,-0.0355141139305003,2014-10-31,-0.07828885316848755
2014-11-03,-0.04975644288627823,2014-11-03,-0.07977928966283798
2014-11-04,-0.05538533661493117,2014-11-04,-0.08224580436944962
2014-11-05,-0.08168153287082913,2014-11-05,-0.093873530626297
2014-11-06,-0.07631389488840878,2014-11-06,-0.07996486127376556
2014-11-07,-0.06657870699279389,2014-11-07,-0.07297761738300323
2014-11-10,-0.06716018849637373,2014-11-10,-0.0915549248456955
2014-11-11,-0.04093976932934651,2014-11-11,-0.07211170345544815
2014-11-12,-0.05043374723592442,2014-11-12,-0.07936365902423859
2014-11-13,-0.053367584763784004,2014-11-13,-0.08071702718734741
2014-11-14,-0.0564572322020358,2014-11-14,-0.0828990489244461
2014-11-17,-0.0569156185842693,2014-11-17,-0.06774228811264038
2014-11-18,-0.0626118991874397,2014-11-18,-0.07267262786626816
2014-11-19,-0.06660980810234529,2014-11-19,-0.08587168157100677
2014-11-20,-0.07489196638197959,2014-11-20,-0.09112878888845444
2014-11-21,-0.04913778087441223,2014-11-21,-0.06860662996768951
2014-11-24,-0.06211669578922119,2014-11-24,-0.08763842284679413
2014-11-25,-0.037805924913718925,2014-11-25,-0.06380606442689896
2014-11-26,-0.013436841441668679,2014-11-26,-0.032816626131534576
2014-11-28,0.00794860027535571,2014-11-28,-0.010925300419330597
2014-12-01,-0.016475605533179172,2014-12-01,-0.017160123214125633
2014-12-02,-0.003957612856693715,2014-12-02,-0.002064252272248268
2014-12-03,9.31237428296594e-05,2014-12-03,0.0029428061097860336
2014-12-04,0.03749737078608728,2014-12-04,0.02752656117081642
2014-12-05,-0.008076937525827277,2014-12-05,0.005091956816613674
2014-12-08,-0.013568016653346393,2014-12-08,-0.011973686516284943
2014-12-09,-0.012124785789308867,2014-12-09,-0.02699117548763752
2014-12-10,-0.046256660344983325,2014-12-10,-0.05183374881744385
2014-12-11,-0.030588449626525738,2014-12-11,-0.046851612627506256
2014-12-12,-0.05159307485269515,2014-12-12,-0.05170416086912155
2014-12-15,-0.07711024439116898,2014-12-15,-0.07326631993055344
2014-12-16,-0.10795953084430121,2014-12-16,-0.07844533026218414
2014-12-17,-0.09606082781516057,2014-12-17,-0.09242364764213562
2014-12-18,-0.09377146177822393,2014-12-18,-0.11575685441493988
2014-12-19,-0.07756709296344255,2014-12-19,-0.11450275778770447
2014-12-22,-0.056523511582977526,2014-12-22,-0.11701887845993042
2014-12-23,-0.030902059537728288,2014-12-23,-0.09815703332424164
2014-12-24,-0.026754155413366343,2014-12-24,-0.08156502991914749
2014-12-26,-0.018665506868181803,2014-12-26,-0.07189494371414185
2014-12-29,-0.03747559249771615,2014-12-29,-0.07365304231643677
2014-12-30,-0.046339681804414834,2014-12-30,-0.07116735726594925
2014-12-31,-0.04942230183609497,2014-12-31,-0.05984291434288025
2015-01-02,-0.04832506649414148,2015-01-02,-0.054663754999637604
2015-01-05,-0.06435634647598121,2015-01-05,-0.05346225947141647
2015-01-06,-0.07317430118542367,2015-01-06,-0.04222820699214935
2015-01-07,-0.07228517382600874,2015-01-07,-0.049142636358737946
2015-01-08,-0.07362938596491231,2015-01-08,-0.06756327301263809
2015-01-09,-0.07915256730910691,2015-01-09,-0.07320905476808548
2015-01-12,-0.08945025554598907,2015-01-12,-0.08896472305059433
2015-01-13,-0.08343683787535616,2015-01-13,-0.102504663169384
2015-01-14,-0.07883764543087601,2015-01-14,-0.11295314133167267
2015-01-15,-0.07982034944224348,2015-01-15,-0.11334238946437836
2015-01-16,-0.0703449406279596,2015-01-16,-0.11640222370624542
2015-01-20,-0.05505420179746123,2015-01-20,-0.09601418673992157
2015-01-21,-0.03379193820902737,2015-01-21,-0.08951783180236816
2015-01-22,0.0006145594725961434,2015-01-22,-0.07856851816177368
2015-01-23,-0.0011611190976446029,2015-01-23,-0.07619736343622208
2015-01-26,0.0163611574003939,2015-01-26,-0.030500685796141624
2015-01-27,-0.01797524164829567,2015-01-27,-0.021620212122797966
2015-01-28,-0.044170039730652366,2015-01-28,-0.025968322530388832
2015-01-29,-0.028047117642602704,2015-01-29,-0.009793916717171669
2015-01-30,0.01022345003852565,2015-01-30,-0.023784214630723
2015-02-02,0.02049816877912236,2015-02-02,-0.0023262426257133484
2015-02-03,0.03384770471463994,2015-02-03,0.009741384536027908
2015-02-04,0.056086397944435484,2015-02-04,0.04963818937540054
2015-02-05,0.04616447823082259,2015-02-05,0.029209304600954056
2015-02-06,0.03741595740546422,2015-02-06,0.009851271286606789
2015-02-09,0.01776786401046082,2015-02-09,-0.0016248412430286407
2015-02-10,0.014766109336840083,2015-02-10,-0.027592172846198082
2015-02-11,-0.0014291812832933903,2015-02-11,-0.037834689021110535
2015-02-12,0.016910956735515015,2015-02-12,-0.030014662072062492
2015-02-13,0.017801743241246726,2015-02-13,-0.03313916176557541
2015-02-17,0.014330647112467787,2015-02-17,-0.0158525537699461
2015-02-18,0.013768494993274594,2015-02-18,-0.0044675469398498535
2015-02-19,0.029755398937172828,2015-02-19,0.010244810953736305
2015-02-20,0.02313284864507592,2015-02-20,0.016575854271650314
2015-02-23,0.02991568166942593,2015-02-23,0.04031526297330856
2015-02-24,0.06318095689246794,2015-02-24,0.06696121394634247
2015-02-25,0.08349995050974979,2015-02-25,0.06704737991094589
2015-02-26,0.10333195241758886,2015-02-26,0.0622636079788208
2015-02-27,0.12364195558395896,2015-02-27,0.08078153431415558
2015-03-02,0.1568422323260772,2015-03-02,0.09689594060182571
2015-03-03,0.15343762455161403,2015-03-03,0.09790004789829254
2015-03-04,0.1431028007827171,2015-03-04,0.10245046019554138
2015-03-05,0.15361798377016322,2015-03-05,0.12039384990930557
2015-03-06,0.12233203710415208,2015-03-06,0.11684593558311462
2015-03-09,0.1258187237714241,2015-03-09,0.12475182116031647
2015-03-10,0.07582774457618324,2015-03-10,0.10341528803110123
2015-03-11,0.034226689000558475,2015-03-11,0.06223683804273605
2015-03-12,0.0354645262478086,2015-03-12,0.04516220837831497
2015-03-13,0.030332389327768716,2015-03-13,0.04929734021425247
2015-03-16,0.07761085208848972,2015-03-16,0.07428769022226334
2015-03-17,0.0881681400386396,2015-03-17,0.087251678109169
2015-03-18,0.10313114977690296,2015-03-18,0.07998023182153702
2015-03-19,0.048590828760115334,2015-03-19,0.02600187063217163
2015-03-20,0.06153701615933849,2015-03-20,0.038442954421043396
2015-03-23,0.06013500843802744,2015-03-23,0.038516588509082794
2015-03-24,0.09777608819616024,2015-03-24,0.05708422511816025
2015-03-25,0.07015457788347201,2015-03-25,0.055548712611198425
2015-03-26,0.05575275111215161,2015-03-26,0.051695168018341064
2015-03-27,0.053412182587666335,2015-03-27,0.06386109441518784
2015-03-30,0.038831087085308136,2015-03-30,0.03955528512597084
2015-03-31,0.031040892193308744,2015-03-31,0.04216217249631882
2015-04-01,0.006373509642680464,2015-04-01,0.021629925817251205
2015-04-02,-0.017871398504971325,2015-04-02,0.0053371163085103035
2015-04-06,-0.001944918441863397,2015-04-06,0.009010975249111652
2015-04-07,0.004072606652538502,2015-04-07,0.005030915141105652
2015-04-08,0.004373684692103641,2015-04-08,-0.009819943457841873
2015-04-09,0.011480251015134835,2015-04-09,-0.005223512649536133
2015-04-10,0.025308411214953308,2015-04-10,0.005552026443183422
2015-04-13,0.01854636591478709,2015-04-13,-0.0030318032950162888
2015-04-14,-0.013794237480130978,2015-04-14,-0.020196905359625816
2015-04-15,-0.03263065672549126,2015-04-15,-0.044654615223407745
2015-04-16,-0.033965483532694685,2015-04-16,-0.05258648097515106
2015-04-17,-0.07352787729122456,2015-04-17,-0.07633830606937408
2015-04-20,-0.059200580516417745,2015-04-20,-0.08595116436481476
2015-04-21,-0.061219373022323054,2015-04-21,-0.08590539544820786
2015-04-22,-0.05547481661750664,2015-04-22,-0.09140092134475708
2015-04-23,-0.02695060219933665,2015-04-23,-0.0738510861992836
2015-04-24,-0.0007664170005226012,2015-04-24,-0.07114726305007935
2015-04-27,0.01119942841832633,2015-04-27,-0.034004755318164825
2015-04-28,0.015620219906782529,2015-04-28,-0.016021667048335075
2015-04-29,0.00039203806333198976,2015-04-29,-0.019161270931363106
2015-04-30,-0.007649186256781237,2015-04-30,0.001918083056807518
2015-05-01,-0.01865963962680728,2015-05-01,-0.016761327162384987
2015-05-04,-0.008554365954699494,2015-05-04,-0.012646760791540146
2015-05-05,-0.04082768122085634,2015-05-05,-0.034077130258083344
2015-05-06,-0.050721166640055215,2015-05-06,-0.0360865443944931
2015-05-07,-0.040552261262058686,2015-05-07,-0.04787319153547287
2015-05-08,-0.02904292764030625,2015-05-08,-0.056385815143585205
2015-05-11,-0.05499186203552997,2015-05-11,-0.08278235793113708
2015-05-12,-0.04985890652557312,2015-05-12,-0.06497907638549805
2015-05-13,-0.04284649776453053,2015-05-13,-0.06067883223295212
2015-05-14,-0.01497623531521819,2015-05-14,-0.050687722861766815
2015-05-15,-0.026098888859187097,2015-05-15,-0.056053660809993744
2015-05-18,-0.014476293491977765,2015-05-18,-0.04104086756706238
2015-05-19,-0.00038217256001027433,2015-05-19,-0.027814241126179695
2015-05-20,0.020690547006336546,2015-05-20,-0.007885739207267761
2015-05-21,0.023641878849158804,2015-05-21,-0.008947549387812614
2015-05-22,0.01772932496421098,2015-05-22,-0.005411211401224136
2015-05-26,-0.0030063406457254693,2015-05-26,-0.008823568001389503
2015-05-27,0.011368198240940153,2015-05-27,-0.005576565861701965
2015-05-28,0.010281839063696285,2015-05-28,-0.00526336207985878
2015-05-29,-0.006051326917468569,2015-05-29,-0.004570463672280312
2015-06-01,0.017470080403127364,2015-06-01,0.011434084735810757
2015-06-02,0.023861452018335116,2015-06-02,0.00610208697617054
2015-06-03,0.021655136885487147,2015-06-03,-0.0004226025193929672
2015-06-04,0.03557082254007593,2015-06-04,0.02153155207633972
2015-06-05,0.009182230547444492,2015-06-05,-0.0035571567714214325
2015-06-08,0.0010222406409725604,2015-06-08,-0.001499926671385765
2015-06-09,-0.012782694198623323,2015-06-09,-0.01716354675590992
2015-06-10,-0.008718114304165359,2015-06-10,-0.03724756836891174
2015-06-11,-0.041174214691629185,2015-06-11,-0.0688360258936882
2015-06-12,-0.03294354553804846,2015-06-12,-0.05405659228563309
2015-06-15,-0.037865230256746485,2015-06-15,-0.05022209882736206
2015-06-16,-0.0294269580861789,2015-06-16,-0.04510548710823059
2015-06-17,-0.0039542977932466306,2015-06-17,-0.021144719794392586
2015-06-18,0.009108062994411803,2015-06-18,-0.02624514512717724
2015-06-19,0.008465378771434606,2015-06-19,-0.02690231241285801
2015-06-22,0.03063282048449012,2015-06-22,-0.0028503984212875366
2015-06-23,0.05290797637736411,2015-06-23,0.018895022571086884
2015-06-24,0.030495904361302006,2015-06-24,0.010558100417256355
2015-06-25,0.01639493578650142,2015-06-25,0.000940077006816864
2015-06-26,0.013338707904283709,2015-06-26,0.010320349596440792
2015-06-29,0.004677667848458356,2015-06-29,0.024892961606383324
2015-06-30,0.0010194813620270082,2015-06-30,0.018120748922228813
2015-07-01,-0.01074289876183554,2015-07-01,-0.00925334170460701
2015-07-02,0.001555380702300102,2015-07-02,-0.010864317417144775
2015-07-06,-0.001920719995609721,2015-07-06,-0.016208847984671593
2015-07-07,0.0013654238275560004,2015-07-07,-0.02488471008837223
2015-07-08,-0.019565256737434478,2015-07-08,-0.03215327858924866
2015-07-09,-0.021838688241949678,2015-07-09,-0.04186496138572693
2015-07-10,0.0028673447305778144,2015-07-10,-0.037994325160980225
2015-07-13,0.04484731080611848,2015-07-13,-0.02066814713180065
2015-07-14,0.054000902119981875,2015-07-14,-0.025911027565598488
2015-07-15,0.05373705294308717,2015-07-15,-0.011223269626498222
2015-07-16,0.1035355387662289,2015-07-16,0.023056846112012863
2015-07-17,0.2738660985779573,2015-07-17,0.034540578722953796
2015-07-20,0.25072659987363477,2015-07-20,0.07132559269666672
2015-07-21,0.2522285652541916,2015-07-21,0.12191889435052872
2015-07-22,0.25994670920263174,2015-07-22,0.181240975856781
2015-07-23,0.22783105562935613,2015-07-23,0.2278849482536316
2015-07-24,0.2047729447265767,2015-07-24,0.265838623046875
2015-07-27,0.2141618710343811,2015-07-27,0.27190181612968445
2015-07-28,0.19373868982989495,2015-07-28,0.23932355642318726
2015-07-29,0.20251254454221512,2015-07-29,0.23333889245986938
2015-07-30,0.21387473286207448,2015-07-30,0.22670648992061615
2015-07-31,0.21086556169429094,2015-07-31,0.22692792117595673
2015-08-03,0.2199607245765045,2015-08-03,0.21326997876167297
2015-08-04,0.20980607391145245,2015-08-04,0.20416592061519623
2015-08-05,0.21056132906612968,2015-08-05,0.17943492531776428
2015-08-06,0.20201965848758796,2015-08-06,0.17913590371608734
2015-08-07,0.18708905088622085,2015-08-07,0.1791011095046997
2015-08-10,0.177053195832372,2015-08-10,0.17508772015571594
2015-08-11,0.23583436274773062,2015-08-11,0.18905554711818695
2015-08-12,0.23930459718612784,2015-08-12,0.2003350704908371
2015-08-13,0.24129389216359898,2015-08-13,0.22387436032295227
2015-08-14,0.2736628175519631,2015-08-14,0.26170265674591064
2015-08-17,0.28529368194948534,2015-08-17,0.27361828088760376
2015-08-18,0.2676789987115775,2015-08-18,0.2742306888103485
2015-08-19,0.268023531991084,2015-08-19,0.2696540057659149
2015-08-20,0.24533558154026625,2015-08-20,0.2767913341522217
2015-08-21,0.17089976910350346,2015-08-21,0.26427510380744934
2015-08-24,0.1410559350193834,2015-08-24,0.267069935798645
2015-08-25,0.12452033415955199,2015-08-25,0.2318607121706009
2015-08-26,0.186348024671378,2015-08-26,0.17416033148765564
2015-08-27,0.16831371451559307,2015-08-27,0.1237311139702797
2015-08-28,0.12925810537847937,2015-08-28,0.09306524693965912
2015-08-31,0.1093568052606344,2015-08-31,0.09259230643510818
2015-09-01,0.04616304961946227,2015-09-01,0.05842314660549164
2015-09-02,-0.07819959406534982,2015-09-02,-0.10507989674806595
2015-09-03,-0.08052364182206584,2015-09-03,-0.09518525004386902
2015-09-04,-0.09547709786438485,2015-09-04,-0.09940406680107117
2015-09-08,-0.07368723924615161,2015-09-08,-0.10110724717378616
2015-09-09,-0.046418567426970814,2015-09-09,-0.07032196968793869
2015-09-10,-0.005635566687539062,2015-09-10,-0.03790709376335144
2015-09-11,-0.004511826454190571,2015-09-11,-0.04032037407159805
2015-09-14,-0.01089955431585965,2015-09-14,-0.0375937819480896
2015-09-15,0.005503227854799508,2015-09-15,-0.03590521961450577
2015-09-16,0.0014445648248466725,2015-09-16,-0.034676693379879
2015-09-17,0.02155133079847893,2015-09-17,-0.016714362427592278
2015-09-18,-0.00571669274280906,2015-09-18,-0.022015145048499107
2015-09-21,0.008619646745705367,2015-09-21,-0.012890614569187164
2015-09-22,-0.029838553966344272,2015-09-22,-0.030589954927563667
2015-09-23,-0.02515854659404615,2015-09-23,-0.027300329878926277
2015-09-24,-0.014268727705113005,2015-09-24,-0.022053731605410576
2015-09-25,-0.03466839581385528,2015-09-25,-0.024911915883421898
2015-09-28,-0.0956830363610024,2015-09-28,-0.07577680051326752
2015-09-29,-0.09958494222453618,2015-09-29,-0.08820293098688126
2015-09-30,-0.07182706734060673,2015-09-30,-0.09240225702524185
2015-10-01,-0.0687149136167805,2015-10-01,-0.10452805459499359
2015-10-02,-0.05347855527221912,2015-10-02,-0.11477124691009521
2015-10-05,-0.024755709784676228,2015-10-05,-0.10367120802402496
2015-10-06,-0.03227479684168055,2015-10-06,-0.10201013088226318
2015-10-07,-0.013951845528933915,2015-10-07,-0.06674432754516602
2015-10-08,0.035666040401844734,2015-10-08,0.005172538571059704
2015-10-09,0.08595557425053801,2015-10-09,0.06216815859079361
2015-10-12,0.1044296047153328,2015-10-12,0.08085167407989502
2015-10-13,0.03551399035983871,2015-10-13,0.0026583466678857803
2015-10-14,0.018638840649140453,2015-10-14,-0.0039036907255649567
2015-10-15,0.05052373084327466,2015-10-15,0.016077332198619843
2015-10-16,0.07332283659041083,2015-10-16,0.04357761889696121
2015-10-19,0.11180824702967174,2015-10-19,0.08338534086942673
2015-10-20,0.05441069296490997,2015-10-20,0.0612465962767601
2015-10-21,0.05454830860999915,2015-10-21,0.07632540166378021
2015-10-22,0.08296235054693457,2015-10-22,0.08638748526573181
2015-10-23,0.11718021991675465,2015-10-23,0.053603366017341614
2015-10-26,0.13632054211156186,2015-10-26,0.058788836002349854
2015-10-27,0.1255452478958039,2015-10-27,0.056776829063892365
2015-10-28,0.12455363955440268,2015-10-28,0.06430389732122421
2015-10-29,0.14158505371894492,2015-10-29,0.0856664627790451
2015-10-30,0.10874043333784411,2015-10-30,0.078884057700634
2015-11-02,0.1235424930881115,2015-11-02,0.09081132709980011
2015-11-03,0.11486295353372955,2015-11-03,0.09099453687667847
2015-11-04,0.1428160745627307,2015-11-04,0.12014926970005035
2015-11-05,0.14046897957959747,2015-11-05,0.11717130243778229
2015-11-06,0.16595223515003066,2015-11-06,0.15076804161071777
2015-11-09,0.15533683356549166,2015-11-09,0.15700526535511017
2015-11-10,0.15780794307614787,2015-11-10,0.15710440278053284
2015-11-11,0.19542294774662183,2015-11-11,0.1869981735944748
2015-11-12,0.21190228273928713,2015-11-12,0.22021126747131348
2015-11-13,0.18865742599701263,2015-11-13,0.2227908968925476
2015-11-16,0.177683615819209,2015-11-16,0.18805964291095734
2015-11-17,0.16196261682242996,2015-11-17,0.1737246960401535
2015-11-18,0.15680603966574824,2015-11-18,0.14061607420444489
2015-11-19,0.13140185802763238,2015-11-19,0.11335907876491547
2015-11-20,0.15686975165267114,2015-11-20,0.11514653265476227
2015-11-23,0.15925373134328358,2015-11-23,0.12479688972234726
2015-11-24,0.1538680659670164,2015-11-24,0.13879254460334778
2015-11-25,0.1460282462308562,2015-11-25,0.13812978565692902
2015-11-27,0.14124151796933915,2015-11-27,0.13397617638111115
2015-11-30,0.11663275612219515,2015-11-30,0.12610287964344025
2015-12-01,0.15193780220749264,2015-12-01,0.131465345621109
2015-12-02,0.1224062797610459,2015-12-02,0.11305341869592667
2015-12-03,0.10481504918598628,2015-12-03,0.1120276227593422
2015-12-04,0.11323665976141162,2015-12-04,0.1042553037405014
2015-12-07,0.13674999999999993,2015-12-07,0.13868235051631927
2015-12-08,0.15382554331646325,2015-12-08,0.15181134641170502
2015-12-09,0.11952021610828889,2015-12-09,0.13397689163684845
2015-12-10,0.056594330835638695,2015-12-10,0.06651102751493454
2015-12-11,0.026397855345223764,2015-12-11,0.043004345148801804
2015-12-14,0.04055566169045588,2015-12-14,0.03335908055305481
2015-12-15,0.031441676165662624,2015-12-15,0.02217746526002884
2015-12-16,0.04261260656508026,2015-12-16,0.006826705299317837
2015-12-17,0.04399300234611281,2015-12-17,0.019099831581115723
2015-12-18,0.01218337924947166,2015-12-18,0.00589508842676878
2015-12-21,0.015998504313452955,2015-12-21,0.004613266326487064
2015-12-22,0.015649203638241405,2015-12-22,-0.004961496219038963
2015-12-23,0.010306703301037334,2015-12-23,-0.01166069321334362
2015-12-24,0.005567226890756283,2015-12-24,-0.011134615167975426
2015-12-28,0.03639519323767515,2015-12-28,0.0002946946769952774
2015-12-29,0.047081476010867096,2015-12-29,-0.0005912650376558304
2015-12-30,0.03273440052270504,2015-12-30,-0.0032446980476379395
2015-12-31,0.02839279341202605,2015-12-31,0.017300689592957497
2016-01-04,0.02617319983244837,2016-01-04,0.04635906219482422
2016-01-05,0.014805042509528077,2016-01-05,0.02815469726920128
2016-01-06,0.017895922142684872,2016-01-06,0.029458023607730865
2016-01-07,-0.025012828778568696,2016-01-07,0.001725630834698677
2016-01-08,-0.03820038424086125,2016-01-08,-0.00846029445528984
2016-01-11,-0.0565379665379665,2016-01-11,-0.045066289603710175
2016-01-12,-0.04037594953006307,2016-01-12,-0.05637933313846588
2016-01-13,-0.065044242038382,2016-01-13,-0.054524362087249756
2016-01-14,-0.04922912929308687,2016-01-14,-0.06300676614046097
2016-01-15,-0.07964040053369947,2016-01-15,-0.07288230210542679
2016-01-19,-0.05737694173166408,2016-01-19,-0.06813158094882965
2016-01-20,-0.08322382270761308,2016-01-20,-0.10116691887378693
2016-01-21,-0.06579674744488018,2016-01-21,-0.09684707969427109
2016-01-22,-0.029601666232751844,2016-01-22,-0.08462080359458923
2016-01-25,-0.05850797602700175,2016-01-25,-0.09418860822916031
2016-01-26,-0.05071216962703273,2016-01-26,-0.08051426708698273
2016-01-27,-0.07425755347421104,2016-01-27,-0.07838941365480423
2016-01-28,-0.018687299193495543,2016-01-28,-0.060195304453372955
2016-01-29,0.001723593495079223,2016-01-29,-0.05264724791049957
2016-02-01,0.02711814717091765,2016-02-01,-0.03136475384235382
2016-02-02,0.024090539512681364,2016-02-02,-0.038293853402137756
2016-02-03,-0.014090436658816818,2016-02-03,-0.022320250049233437
2016-02-04,-0.05995441610116026,2016-02-04,-0.040547676384449005
2016-02-05,-0.08582414299260877,2016-02-05,-0.03356435149908066
2016-02-08,-0.0696174935588294,2016-02-08,-0.027498377487063408
2016-02-09,-0.0785751840168244,2016-02-09,-0.05005344748497009
2016-02-10,-0.07857859815155188,2016-02-10,-0.07629618793725967
2016-02-11,-0.08087077591703429,2016-02-11,-0.09264647960662842
2016-02-12,-0.07697430272641814,2016-02-12,-0.10008358210325241
2016-02-16,-0.08258335037840048,2016-02-16,-0.12843172252178192
2016-02-17,-0.07807698120812134,2016-02-17,-0.14484767615795135
2016-02-18,-0.09210426420346696,2016-02-18,-0.13590143620967865
2016-02-19,-0.07184997622138534,2016-02-19,-0.1148737221956253
2016-02-22,-0.040016327820499464,2016-02-22,-0.08390948921442032
2016-02-23,-0.05809357477709354,2016-02-23,-0.07973842322826385
2016-02-24,-0.050610406542610065,2016-02-24,-0.07184922695159912
2016-02-25,-0.01603238866396761,2016-02-25,-0.04212358593940735
2016-02-26,-0.008277352888864553,2016-02-26,-0.02361985109746456
2016-02-29,-0.02162140041196614,2016-02-29,-0.024525122717022896
2016-03-01,-0.004253092548367254,2016-03-01,-0.042830824851989746
2016-03-02,0.027669302500104243,2016-03-02,-0.0013717226684093475
2016-03-03,0.00027345192031624777,2016-03-03,-0.01579095609486103
2016-03-04,0.0277695674815972,2016-03-04,0.018159830942749977
2016-03-07,-0.008733381543082896,2016-03-07,0.004581687040627003
2016-03-08,-0.007000111333778647,2016-03-08,0.0006000827997922897
2016-03-09,-0.0017339370002890098,2016-03-09,-0.018504900857806206
2016-03-10,-0.017827918332305015,2016-03-10,-0.05064260959625244
2016-03-11,0.015334914533409627,2016-03-11,-0.03452868014574051
2016-03-14,0.022417857970264077,2016-03-14,-0.03161387890577316
2016-03-15,0.04597396805931053,2016-03-15,-0.0003631226718425751
2016-03-16,0.012107443538687868,2016-03-16,-0.03908081352710724
2016-03-17,-0.003769619754383613,2016-03-17,-0.04901159554719925
2016-03-18,-0.019928123824227706,2016-03-18,-0.053574882447719574
2016-03-21,-0.02401044934755603,2016-03-21,-0.06069135665893555
2016-03-22,0.014238437108009316,2016-03-22,-0.007272008806467056
2016-03-23,0.03771077900908182,2016-03-23,0.027696680277585983
2016-03-24,0.07258156189610099,2016-03-24,0.072698675096035
2016-03-28,0.06975687343785508,2016-03-28,0.07169456779956818
2016-03-29,0.09253658954095467,2016-03-29,0.07486353814601898
2016-03-30,0.08699158237249782,2016-03-30,0.06508290022611618
2016-03-31,0.08004417011155773,2016-03-31,0.06737260520458221
2016-04-01,0.08881155483880088,2016-04-01,0.06747369468212128
2016-04-04,0.06616130650465424,2016-04-04,0.052014172077178955
2016-04-05,0.03634028717023918,2016-04-05,0.03087645024061203
2016-04-06,0.07046591685133308,2016-04-06,0.05381285399198532
2016-04-07,0.05263740981290943,2016-04-07,0.04713333770632744
2016-04-08,0.04172553322817385,2016-04-08,0.03583411127328873
2016-04-11,0.05611398458085293,2016-04-11,0.053494542837142944
2016-04-12,0.06023026772090456,2016-04-12,0.04598872363567352
2016-04-13,0.05868718455123978,2016-04-13,0.03278167173266411
2016-04-14,0.06971001296802126,2016-04-14,0.04157019034028053
2016-04-15,0.08753241683165558,2016-04-15,0.057522326707839966
2016-04-18,0.061320182707465865,2016-04-18,0.023943567648530006
2016-04-19,0.04972413047005997,2016-04-19,0.035410404205322266
2016-04-20,0.059227162755094875,2016-04-20,0.052641674876213074
2016-04-21,0.06817123606584308,2016-04-21,0.057294704020023346
2016-04-22,0.035030864197530986,2016-04-22,0.08681845664978027
2016-04-25,0.04019452580830518,2016-04-25,0.07729310542345047
2016-04-26,-5.514123047656305e-05,2016-04-26,0.04691767692565918
2016-04-27,-0.0146277503858393,2016-04-27,0.021393289789557457
2016-04-28,-0.0534455676829515,2016-04-28,-0.013173151761293411
2016-04-29,-0.056461932181701924,2016-04-29,-0.03787267953157425
2016-05-02,-0.04817671902687304,2016-05-02,-0.053463660180568695
2016-05-03,-0.06459279602830881,2016-05-03,-0.07341214269399643
2016-05-04,-0.062111064233730584,2016-05-04,-0.08256720006465912
2016-05-05,-0.05387802650216433,2016-05-05,-0.08282123506069183
2016-05-06,-0.048519995801406535,2016-05-06,-0.09275264292955399
2016-05-09,-0.04068153410959796,2016-05-09,-0.08683537691831589
2016-05-10,-0.02399809916046247,2016-05-10,-0.0775282010436058
2016-05-11,-0.03217900482221403,2016-05-11,-0.06497269123792648
2016-05-12,-0.03346697111299901,2016-05-12,-0.055105336010456085
2016-05-13,-0.053610831842692774,2016-05-13,-0.0671004131436348
2016-05-16,-0.04950933180623174,2016-05-16,-0.06771529465913773
2016-05-17,-0.055983746231485054,2016-05-17,-0.058613672852516174
2016-05-18,-0.06222147153975077,2016-05-18,-0.06951422244310379
2016-05-19,-0.06510089920535345,2016-05-19,-0.06622875481843948
2016-05-20,-0.04859142860909349,2016-05-20,-0.06221521645784378
2016-05-23,-0.06616584425898686,2016-05-23,-0.07994747906923294
2016-05-24,-0.035639109614271525,2016-05-24,-0.07368282973766327
2016-05-25,-0.028138043635693277,2016-05-25,-0.07418056577444077
2016-05-26,-0.027206484146051757,2016-05-26,-0.06982165575027466
2016-05-27,-0.02187565417626125,2016-05-27,-0.0761936604976654
2016-05-31,-0.029873949035509217,2016-05-31,-0.08109143376350403
2016-06-01,-0.03473090960677849,2016-06-01,-0.07918911427259445
2016-06-02,-0.04580769230769233,2016-06-02,-0.07903660088777542
2016-06-03,-0.0657881373146455,2016-06-03,-0.08466088026762009
2016-06-06,-0.05950402576489544,2016-06-06,-0.06661903858184814
2016-06-07,-0.05656067723119795,2016-06-07,-0.06574414670467377
2016-06-08,-0.04752564102564105,2016-06-08,-0.07515101134777069
2016-06-09,0.006438320885912896,2016-06-09,-0.014720169827342033
2016-06-10,-0.012152894733296504,2016-06-10,-0.021481415256857872
2016-06-13,0.008974730137722764,2016-06-13,0.002864362671971321
2016-06-14,0.016341862334710022,2016-06-14,0.006737677380442619
2016-06-15,0.0384789946954871,2016-06-15,0.030340395867824554
2016-06-16,0.02312538848392376,2016-06-16,0.02362123876810074
2016-06-17,-0.014221525454570894,2016-06-17,0.010045782662928104
2016-06-20,-0.0032606854497205795,2016-06-20,0.011772660538554192
2016-06-21,-0.003500288176335853,2016-06-21,-0.0014740843325853348
2016-06-22,-0.0059324761091911205,2016-06-22,-0.014048615470528603
2016-06-23,-0.01421715987754757,2016-06-23,-0.034926459193229675
2016-06-24,-0.06024988685145305,2016-06-24,-0.04301825165748596
2016-06-27,-0.07876869809840681,2016-06-27,-0.06357236951589584
2016-06-28,-0.05378139757716782,2016-06-28,-0.05896652489900589
2016-06-29,-0.04516049280975731,2016-06-29,-0.06182399392127991
2016-06-30,-0.029386200902280613,2016-06-30,-0.06103271245956421
2016-07-01,-0.027454470765438832,2016-07-01,-0.06890066713094711
2016-07-05,-0.021244393840514353,2016-07-05,-0.05109454691410065
2016-07-06,-0.01774779018537498,2016-07-06,-0.04955329746007919
2016-07-07,-0.011253861961946554,2016-07-07,-0.035663239657878876
2016-07-08,-0.005445400507128939,2016-07-08,-0.04144856333732605
2016-07-11,0.013872429417915777,2016-07-11,-0.030031701549887657
2016-07-12,-0.00070938433624812,2016-07-12,-0.04692421853542328
2016-07-13,-0.01167863433139138,2016-07-13,-0.04675339162349701
2016-07-14,-0.0015333885172268413,2016-07-14,-0.038519516587257385
2016-07-15,-0.01601123595505627,2016-07-15,-0.04824957251548767
2016-07-18,0.0058089069907192314,2016-07-18,-0.0451686829328537
2016-07-19,0.006613579884028553,2016-07-19,-0.037683650851249695
2016-07-20,0.017211495828126866,2016-07-20,-0.024324951693415642
2016-07-21,0.025208599461854053,2016-07-21,-0.004554906859993935
2016-07-22,0.040024107607594006,2016-07-22,0.009696255438029766
2016-07-25,0.036151499815344046,2016-07-25,0.01253720186650753
2016-07-26,0.01981344137401919,2016-07-26,-0.0027671530842781067
2016-07-27,0.026194580617357133,2016-07-27,0.0001390445977449417
2016-07-28,0.04453143114335978,2016-07-28,0.0169853363186121
2016-07-29,0.08124282669290062,2016-07-29,0.021834710612893105
2016-08-01,0.09231503579952283,2016-08-01,0.02781202271580696
2016-08-02,0.09277646512517235,2016-08-02,0.04182486981153488
2016-08-03,0.10309975837072827,2016-08-03,0.06790971755981445
2016-08-04,0.13205537806176793,2016-08-04,0.11346341669559479
2016-08-05,0.14274991857023478,2016-08-05,0.11884637922048569
2016-08-08,0.13591863220855438,2016-08-08,0.12217079848051071
2016-08-09,0.13654341492251598,2016-08-09,0.12568826973438263
2016-08-10,0.13096087400506384,2016-08-10,0.12305068969726562
2016-08-11,0.17950963222416805,2016-08-11,0.17853830754756927
2016-08-12,0.18485186598937076,2016-08-12,0.18749000132083893
2016-08-15,0.16592888348812318,2016-08-15,0.16963590681552887
2016-08-16,0.15247630144277102,2016-08-16,0.16205962002277374
2016-08-17,0.14482680198427933,2016-08-17,0.1453942209482193
2016-08-18,0.13023583245336146,2016-08-18,0.1322057545185089
2016-08-19,0.13443232277376604,2016-08-19,0.13935306668281555
2016-08-22,0.12409551885129133,2016-08-22,0.12990371882915497
2016-08-23,0.1263043293838193,2016-08-23,0.12970681488513947
2016-08-24,0.10563125191562883,2016-08-24,0.10932285338640213
2016-08-25,0.08814631463146294,2016-08-25,0.09119931608438492
2016-08-26,0.08287941461550008,2016-08-26,0.07989193499088287
2016-08-29,0.09094149257005002,2016-08-29,0.0824485495686531
2016-08-30,0.07627072574069049,2016-08-30,0.07162124663591385
2016-08-31,0.07370553131329616,2016-08-31,0.07098173350095749
2016-09-01,0.050716941051513365,2016-09-01,0.04334636032581329
2016-09-02,0.05768439495095645,2016-09-02,0.04244045540690422
2016-09-06,0.06728483119353301,2016-09-06,0.03766392171382904
2016-09-07,0.07102238835646402,2016-09-07,0.04499366879463196
2016-09-08,0.05737014013275732,2016-09-08,0.04218842834234238
2016-09-09,0.04087020804731223,2016-09-09,0.04809638857841492
2016-09-12,0.05433907477067268,2016-09-12,0.04711977764964104
2016-09-13,0.035106369017152916,2016-09-13,0.039649419486522675
2016-09-14,0.032147707092865296,2016-09-14,0.030759010463953018
2016-09-15,0.012497788561174783,2016-09-15,-0.009004361927509308
2016-09-16,-0.003708142932054903,2016-09-16,-0.023356130346655846
2016-09-19,-0.005911613258011372,2016-09-19,-0.02268342114984989
2016-09-20,0.001076453211835915,2016-09-20,-0.02157888375222683
2016-09-21,0.009758544998432095,2016-09-21,-0.01904051937162876
2016-09-22,0.011178169110084069,2016-09-22,-0.030570080503821373
2016-09-23,0.012083504091998654,2016-09-23,-0.023937316611409187
2016-09-26,-0.005981572299004312,2016-09-26,-0.021924154832959175
2016-09-27,0.0027705970389244605,2016-09-27,-0.020604627206921577
2016-09-28,0.0023014105419449926,2016-09-28,-0.017756560817360878
2016-09-29,-0.005464345455671871,2016-09-29,-0.01434052549302578
2016-09-30,-0.002357437093652437,2016-09-30,-0.012953255325555801
2016-10-03,-0.001010996143236964,2016-10-03,-0.007356347516179085
2016-10-04,-0.003265377070348352,2016-10-04,-0.015269247815012932
2016-10-05,-0.0018934911242602936,2016-10-05,-0.013510586693882942
2016-10-06,0.004289376602263584,2016-10-06,-0.011161649599671364
2016-10-07,0.0047179873266829375,2016-10-07,-0.008770087733864784
2016-10-10,0.02206906940835296,2016-10-10,-0.009504303336143494
2016-10-11,0.020123487903225934,2016-10-11,-0.0038502924144268036
2016-10-12,0.025868823455073908,2016-10-12,0.0014159660786390305
2016-10-13,0.01369103149189388,2016-10-13,0.001282867044210434
2016-10-14,0.01103264557311956,2016-10-14,-0.0011833719909191132
2016-10-17,0.01884028689766648,2016-10-17,0.004608990624547005
2016-10-18,0.04005823890612148,2016-10-18,0.007652580738067627
2016-10-19,0.045097295931261216,2016-10-19,0.008204378187656403
2016-10-20,0.031071567507874542,2016-10-20,0.005462829954922199
2016-10-21,0.01985099378728239,2016-10-21,-0.0054564159363508224
2016-10-24,0.03434448446144134,2016-10-24,-0.0010879281908273697
2016-10-25,0.03202381545513422,2016-10-25,0.011740647256374359
2016-10-26,0.04263900162337664,2016-10-26,0.036416783928871155
2016-10-27,0.02319671515485333,2016-10-27,0.022959107533097267
2016-10-28,0.03910132873516581,2016-10-28,0.03627247363328934
2016-10-31,0.024593274802013898,2016-10-31,0.031400520354509354
2016-11-01,0.005304344570223218,2016-11-01,0.011728108860552311
2016-11-02,-0.0119678684662331,2016-11-02,0.010567332617938519
2016-11-03,-0.016595632331309118,2016-11-03,0.005150568671524525
2016-11-04,-0.023356423016329453,2016-11-04,-0.011644616723060608
2016-11-07,-0.003726569196178975,2016-11-07,-0.029053395614027977
2016-11-08,-0.004865494209204013,2016-11-08,-0.04830974340438843
2016-11-09,-0.011497496809659391,2016-11-09,-0.04622294753789902
2016-11-10,-0.027857721298199745,2016-11-10,-0.026996007189154625
2016-11-11,-0.04808012531915684,2016-11-11,-0.03835748881101608
2016-11-14,-0.07016764190306879,2016-11-14,-0.04129720479249954
2016-11-15,-0.03423701784112432,2016-11-15,-0.04006695747375488
2016-11-16,-0.029948013829813602,2016-11-16,-0.04832698404788971
2016-11-17,-0.017766560883580307,2016-11-17,-0.04693558067083359
2016-11-18,-0.033408487898454076,2016-11-18,-0.05020030587911606
2016-11-21,-0.020505972067945577,2016-11-21,-0.048157528042793274
2016-11-22,-0.022513323703740595,2016-11-22,-0.04899989068508148
2016-11-23,-0.027113436824818038,2016-11-23,-0.043635547161102295
2016-11-25,-0.04168662564329306,2016-11-25,-0.06001114845275879
2016-11-28,-0.029373618093555987,2016-11-28,-0.05336974561214447
2016-11-29,-0.027507791615851707,2016-11-29,-0.05524756759405136
2016-11-30,-0.03507113720027866,2016-11-30,-0.04351042956113815
2016-12-01,-0.050049714143673874,2016-12-01,-0.04507874697446823
2016-12-02,-0.052525903524862416,2016-12-02,-0.05234426259994507
2016-12-05,-0.05267258274598596,2016-12-05,-0.0770057812333107
2016-12-06,-0.06155315624659963,2016-12-06,-0.08738720417022705
2016-12-07,-0.03670752041673253,2016-12-07,-0.08241517096757889
2016-12-08,-0.03505812683542464,2016-12-08,-0.08387593179941177
2016-12-09,-0.03145715174575825,2016-12-09,-0.09441515803337097
2016-12-12,-0.02492305835495745,2016-12-12,-0.0774155929684639
2016-12-13,-0.008222843936260826,2016-12-13,-0.0603034645318985
2016-12-14,0.0006606716828776449,2016-12-14,-0.04452628642320633
2016-12-15,-0.004770852652642876,2016-12-15,-0.038436904549598694
2016-12-16,-7.408322015056701e-05,2016-12-16,-0.0177635308355093
2016-12-19,0.008715300193673281,2016-12-19,-0.007375927641987801
2016-12-20,0.03396666751223987,2016-12-20,0.019223982468247414
2016-12-21,0.038366637262046366,2016-12-21,0.029265698045492172
2016-12-22,0.03658942516963237,2016-12-22,0.0303850956261158
2016-12-23,0.007194244604316502,2016-12-23,-0.0013054199516773224
2016-12-27,-0.002524692726421862,2016-12-27,-0.017130671069025993
2016-12-28,-0.0012661527576062204,2016-12-28,-0.009844878688454628
2016-12-29,0.028950774711966165,2016-12-29,0.023810427635908127
2016-12-30,0.026822157434402305,2016-12-30,0.03324546664953232
2017-01-03,0.07274103183664793,2017-01-03,0.05593130737543106
2017-01-04,0.0420687341968109,2017-01-04,0.02103135548532009
2017-01-05,0.04236006051437213,2017-01-05,0.014053440652787685
2017-01-06,0.049671822529764986,2017-01-06,0.007537944242358208
2017-01-09,0.06599481938734741,2017-01-09,0.027959059923887253
2017-01-10,0.052510193679918604,2017-01-10,0.02253780886530876
2017-01-11,0.05714649681528661,2017-01-11,0.02955571934580803
2017-01-12,0.06486521181001281,2017-01-12,0.0453161858022213
2017-01-13,0.06499365571690396,2017-01-13,0.04922707378864288
2017-01-17,0.05302943534532134,2017-01-17,0.04555828124284744
2017-01-18,0.05013680583704905,2017-01-18,0.04270944744348526
2017-01-19,0.06249677785224517,2017-01-19,0.06369949132204056
2017-01-20,0.08352413224654254,2017-01-20,0.07979458570480347
2017-01-23,0.10460978991706549,2017-01-23,0.07782035320997238
2017-01-24,0.09163218627123437,2017-01-24,0.058623313903808594
2017-01-25,0.10599345512638836,2017-01-25,0.06551919132471085
2017-01-26,0.08277003550355655,2017-01-26,0.04935317486524582
2017-01-27,0.06270357282090622,2017-01-27,0.05070751905441284
2017-01-30,0.01776514917536609,2017-01-30,0.03389926254749298
2017-01-31,0.015212278747369856,2017-01-31,0.03397427499294281
2017-02-01,-0.00012264822037433287,2017-02-01,0.017598936334252357
2017-02-02,0.000452383572363102,2017-02-02,0.006068493239581585
2017-02-03,0.005492551952430702,2017-02-03,0.0014684908092021942
2017-02-06,0.01454608317692374,2017-02-06,0.0032304786145687103
2017-02-07,0.02059076923076919,2017-02-07,-0.0045009516179561615
2017-02-08,0.018007850834151018,2017-02-08,-0.008979296311736107
2017-02-09,0.021989657719773348,2017-02-09,-0.003544839099049568
2017-02-10,0.03108635510325075,2017-02-10,0.0024606892839074135
2017-02-13,0.038573904431790096,2017-02-13,0.008909119293093681
2017-02-14,0.037163705505414146,2017-02-14,0.010909637436270714
2017-02-15,0.04070497284263652,2017-02-15,0.023421209305524826
2017-02-16,0.0489363292148266,2017-02-16,0.029712200164794922
2017-02-17,0.06826929143794547,2017-02-17,0.0479704886674881
2017-02-21,0.05106372445885565,2017-02-21,0.029541747644543648
2017-02-22,0.053963380665288385,2017-02-22,0.03345223516225815
2017-02-23,0.046714717965117725,2017-02-23,0.02942565456032753
2017-02-24,0.02738696816567887,2017-02-24,0.015192798338830471
2017-02-27,0.0271887618172586,2017-02-27,0.013709785416722298
2017-02-28,0.022905291703490205,2017-02-28,0.015723977237939835
2017-03-01,0.032403055937145986,2017-03-01,0.009439961053431034
2017-03-02,0.024495798825841186,2017-03-02,0.010231018997728825
2017-03-03,0.02183069776397817,2017-03-03,0.008112519979476929
2017-03-06,0.023940734295313293,2017-03-06,0.01220947690308094
2017-03-07,0.026694169018841585,2017-03-07,0.008962335996329784
2017-03-08,0.035505901476278856,2017-03-08,0.01475096307694912
2017-03-09,0.03582597775818974,2017-03-09,0.009917673654854298
2017-03-10,0.0201023175396422,2017-03-10,-0.010067712515592575
2017-03-13,0.017715678080821196,2017-03-13,-0.013593154028058052
2017-03-14,0.00869008095986934,2017-03-14,-0.02102370746433735
2017-03-15,0.013314196363975794,2017-03-15,-0.01450326107442379
2017-03-16,0.029549246772303972,2017-03-16,0.005946769379079342
2017-03-17,0.05891992279960667,2017-03-17,0.03908301889896393
2017-03-20,0.05818164083931765,2017-03-20,0.04785753786563873
2017-03-21,0.04280947941710411,2017-03-21,0.05692395567893982
2017-03-22,0.03854520568034614,2017-03-22,0.050250910222530365
2017-03-23,0.023801104702912967,2017-03-23,0.04293493926525116
2017-03-24,0.016455295635451783,2017-03-24,0.03357699513435364
2017-03-27,0.011191105001024937,2017-03-27,0.014702257700264454
2017-03-28,0.012953680050127758,2017-03-28,0.0062974197790026665
2017-03-29,0.023865744644965492,2017-03-29,0.0004053972661495209
2017-03-30,0.01752410612684918,2017-03-30,-0.008014529943466187
2017-03-31,0.010536855154000158,2017-03-31,-0.013132182881236076
2017-04-03,0.019904051045795956,2017-04-03,-0.013161838054656982
2017-04-04,0.018212869631682116,2017-04-04,-0.006208509206771851
2017-04-05,0.008003134759015484,2017-04-05,-0.009045802056789398
2017-04-06,-0.001718740771366023,2017-04-06,-0.012190546840429306
2017-04-07,-0.00844254477374684,2017-04-07,-0.014679508283734322
2017-04-10,-0.011346551400112759,2017-04-10,-0.017887244001030922
2017-04-11,-0.013066980023501817,2017-04-11,-0.018901338800787926
2017-04-12,-0.007489885705523558,2017-04-12,-0.017078151926398277
2017-04-13,-0.01116904209869718,2017-04-13,-0.021711202338337898
2017-04-17,0.01207200596499125,2017-04-17,-0.017893685027956963
2017-04-18,-0.0032214765100671006,2017-04-18,-0.032403990626335144
2017-04-19,0.007836677060657715,2017-04-19,-0.021728189662098885
2017-04-20,0.012955198567861759,2017-04-20,-0.01801440306007862
2017-04-21,0.013785452099094764,2017-04-21,-0.012225594371557236
2017-04-24,0.032638195382717505,2017-04-24,-0.014088122174143791
2017-04-25,0.0412351811067897,2017-04-25,-0.011255457997322083
2017-04-26,0.03648699058099414,2017-04-26,-0.008115693926811218
2017-04-27,0.03486745491377463,2017-04-27,-0.0037800222635269165
2017-04-28,0.0693284600615327,2017-04-28,0.0004823971539735794
2017-05-01,0.07727130995138065,2017-05-01,0.011449039913713932
2017-05-02,0.07911191975955512,2017-05-02,0.022991828620433807
2017-05-03,0.09017241379310348,2017-05-03,0.03566247969865799
2017-05-04,0.09439801918910562,2017-05-04,0.04724264517426491
2017-05-05,0.0949061538638798,2017-05-05,0.06726117432117462
2017-05-08,0.12768485190674483,2017-05-08,0.10295863449573517
2017-05-09,0.12580607201694516,2017-05-09,0.1118108332157135
2017-05-10,0.13718811409515874,2017-05-10,0.13220837712287903
2017-05-11,0.14458653638910834,2017-05-11,0.1415252387523651
2017-05-12,0.13909196073988395,2017-05-12,0.1373801827430725
2017-05-15,0.1410727668534313,2017-05-15,0.13390487432479858
2017-05-16,0.13500888371162656,2017-05-16,0.12037595361471176
2017-05-17,0.1091138108019023,2017-05-17,0.12206766754388809
2017-05-18,0.12113706062750662,2017-05-18,0.12216069549322128
2017-05-19,0.11426903997665594,2017-05-19,0.1072988361120224
2017-05-22,0.13078105023634423,2017-05-22,0.1122647374868393
2017-05-23,0.14328963023170882,2017-05-23,0.11904298514127731
2017-05-24,0.15680485625876384,2017-05-24,0.12856006622314453
2017-05-25,0.17784111150694693,2017-05-25,0.13916976749897003
2017-05-26,0.18007603659261018,2017-05-26,0.1491558998823166
2017-05-30,0.1860861075391722,2017-05-30,0.16188368201255798
2017-05-31,0.17306823853777953,2017-05-31,0.1692078858613968
2017-06-01,0.17628365350282094,2017-06-01,0.17724841833114624
2017-06-02,0.16487551600341477,2017-06-02,0.15953853726387024
2017-06-05,0.17551727771987968,2017-06-05,0.16411882638931274
2017-06-06,0.16365249676010785,2017-06-06,0.1638614684343338
2017-06-07,0.16453120639940466,2017-06-07,0.16035649180412292
2017-06-08,0.16919494731940143,2017-06-08,0.16290833055973053
2017-06-09,0.10375115196887141,2017-06-09,0.1362503170967102
2017-06-12,0.0820957652670895,2017-06-12,0.1176752969622612
2017-06-13,0.09150415007760304,2017-06-13,0.10780604183673859
2017-06-14,0.08580498967961936,2017-06-14,0.0954805389046669
2017-06-15,0.038571366763293424,2017-06-15,0.0456315316259861
2017-06-16,0.027658069080851666,2017-06-16,0.028298838064074516
2017-06-19,0.04068979500368153,2017-06-19,0.017025185748934746
2017-06-20,0.021656386736253808,2017-06-20,0.0016852784901857376
2017-06-21,0.025002094855036017,2017-06-21,-0.005696307867765427
2017-06-22,0.02771814623058466,2017-06-22,0.0018986165523529053
2017-06-23,0.02858066736901388,2017-06-23,-0.004308568313717842
2017-06-26,0.01607592687439241,2017-06-26,0.003138883039355278
2017-06-27,-0.0070692472037200416,2017-06-27,0.008594600483775139
2017-06-28,0.005356264842188985,2017-06-28,0.0054694730788469315
2017-06-29,-0.01813346734510113,2017-06-29,0.0035789161920547485
2017-06-30,-0.030795854965492864,2017-06-30,-0.0075564030557870865
2017-07-03,-0.04680648137589283,2017-07-03,-0.02258886955678463
2017-07-05,-0.01051827164948993,2017-07-05,-0.008668474853038788
2017-07-06,-0.02399789584429246,2017-07-06,-0.02732059918344021
2017-07-07,-0.014497459802021662,2017-07-07,-0.03940794616937637
2017-07-10,-0.01355710684908773,2017-07-10,-0.053214989602565765
2017-07-11,-0.017536448405543248,2017-07-11,-0.05949481576681137
2017-07-12,-0.01017788279579801,2017-07-12,-0.06359415501356125
2017-07-13,-0.0233324259472103,2017-07-13,-0.07204588502645493
2017-07-14,-0.016470848812508154,2017-07-14,-0.06561774760484695
2017-07-17,-0.02028770189827034,2017-07-17,-0.05994929373264313
2017-07-18,-0.00014183103870968328,2017-07-18,-0.042026668787002563
2017-07-19,0.004533082394843735,2017-07-19,-0.03537410497665405
2017-07-20,-0.003945307794241626,2017-07-20,-0.03640345484018326
2017-07-21,-0.010001195361995396,2017-07-21,-0.038670532405376434
2017-07-24,0.0016354296263594303,2017-07-24,-0.025710517540574074
2017-07-25,-0.032508311784263055,2017-07-25,-0.02735109068453312
2017-07-26,-0.03880391922571402,2017-07-26,-0.03187846392393112
2017-07-27,-0.018152393518327647,2017-07-27,0.0017218459397554398
2017-07-28,-0.0036181782264687046,2017-07-28,0.0021275635808706284
2017-07-31,-0.02575991756826379,2017-07-31,-0.017040090635418892
2017-08-01,-0.02207804283367598,2017-08-01,-0.02376885898411274
2017-08-02,-0.013060051240392334,2017-08-02,-0.02356342040002346
2017-08-03,-0.01911080511568719,2017-08-03,-0.028346391394734383
2017-08-04,-0.0301778060335105,2017-08-04,-0.05197576433420181
2017-08-07,-0.023983735642266746,2017-08-07,-0.04778364300727844
2017-08-08,-0.035152617541564846,2017-08-08,-0.05893033742904663
2017-08-09,-0.03741475701910668,2017-08-09,-0.056123897433280945
2017-08-10,-0.0633816385928262,2017-08-10,-0.0653996393084526
2017-08-11,-0.043205875999135834,2017-08-11,-0.05145488679409027
2017-08-14,-0.009661530023521103,2017-08-14,-0.02647867612540722
2017-08-15,-0.023860313628370156,2017-08-15,-0.04121632128953934
2017-08-16,0.006877652427971226,2017-08-16,-0.014731531962752342
2017-08-17,-0.002172790637638755,2017-08-17,-0.003919269889593124
2017-08-18,0.00730863767863732,2017-08-18,0.007133160717785358
2017-08-21,-0.01221762169351892,2017-08-21,-0.010136820375919342
2017-08-22,0.013700697431253905,2017-08-22,-0.008794322609901428
2017-08-23,0.0018813575535976401,2017-08-23,-0.025252467021346092
2017-08-24,-0.014837013669821264,2017-08-24,-0.036292918026447296
2017-08-25,-0.02415236017744593,2017-08-25,-0.03864274173974991
2017-08-28,-0.04085112539528346,2017-08-28,-0.05490977317094803
2017-08-29,-0.03403210946431745,2017-08-29,-0.057548485696315765
2017-08-30,-0.034066597741859495,2017-08-30,-0.06726381182670593
2017-08-31,-0.021230378294192387,2017-08-31,-0.06535055488348007
2017-09-01,-0.0354222604995188,2017-09-01,-0.07386796921491623
2017-09-05,-0.05166352730239632,2017-09-05,-0.07610655575990677
2017-09-06,-0.05056491196242663,2017-09-06,-0.07306355237960815
2017-09-07,-0.044222410045882676,2017-09-07,-0.0735924243927002
2017-09-08,-0.05699632378720032,2017-09-08,-0.07681794464588165
2017-09-11,-0.02656264511934614,2017-09-11,-0.044202230870723724
2017-09-12,-0.019330577741865307,2017-09-12,-0.040415309369564056
2017-09-13,-0.0021732055306504794,2017-09-13,-0.025978734716773033
2017-09-14,-0.018991370404766617,2017-09-14,-0.03215938061475754
2017-09-15,-0.010798519301956633,2017-09-15,-0.01793929748237133
2017-09-18,-0.017759043272481345,2017-09-18,-0.021196799352765083
2017-09-19,-0.011375627875564565,2017-09-19,-0.025726838037371635
2017-09-20,0.007699670317983687,2017-09-20,-0.019713731482625008
2017-09-21,0.0018608782076359187,2017-09-21,-0.026145780459046364
2017-09-22,-0.0026328310864393023,2017-09-22,-0.024571871384978294
2017-09-25,-0.01049576886008119,2017-09-25,-0.02112387679517269
2017-09-26,-0.0028189090290189345,2017-09-26,-0.016186797991394997
2017-09-27,0.03931398131205399,2017-09-27,0.0029973601922392845
2017-09-28,0.03732972077970942,2017-09-28,-0.0018607936799526215
2017-09-29,0.03705281543885075,2017-09-29,-0.006998294964432716
2017-10-02,0.031329950537267504,2017-10-02,0.0015060100704431534
2017-10-03,0.029451322185392037,2017-10-03,0.0008403956890106201
2017-10-04,0.042170622857512496,2017-10-04,0.02702752687036991
2017-10-05,0.0637133170657973,2017-10-05,0.032680727541446686
2017-10-06,0.07902309772280569,2017-10-06,0.04422775283455849
2017-10-09,0.05519991492981702,2017-10-09,0.026308193802833557
2017-10-10,0.04797470771711665,2017-10-10,0.029558386653661728
2017-10-11,0.0733917535676547,2017-10-11,0.04065212979912758
2017-10-12,0.08076303062869417,2017-10-12,0.0538531094789505
2017-10-13,0.0859146886750779,2017-10-13,0.061895549297332764
2017-10-16,0.07865348650814852,2017-10-16,0.05692756921052933
2017-10-17,0.0713945084408083,2017-10-17,0.051151715219020844
2017-10-18,0.06019429672124277,2017-10-18,0.04036390781402588
2017-10-19,0.052363995420120046,2017-10-19,0.047416768968105316
2017-10-20,0.06754259251391437,2017-10-20,0.06099140644073486
2017-10-23,0.04619859450967079,2017-10-23,0.05986737459897995
2017-10-24,0.04063628420132859,2017-10-24,0.0462971106171608
2017-10-25,0.053164933450887464,2017-10-25,0.05189941078424454
2017-10-26,0.051023545251195346,2017-10-26,0.04535790532827377
2017-10-27,0.09192415359425343,2017-10-27,0.03811132162809372
2017-10-30,0.08700180968814442,2017-10-30,0.03815285116434097
2017-10-31,0.09882675800155294,2017-10-31,0.05915708839893341
2017-11-01,0.11473446738444748,2017-11-01,0.074773870408535
2017-11-02,0.12177467061037905,2017-11-02,0.09234017133712769
2017-11-03,0.12075443502764549,2017-11-03,0.09309331327676773
2017-11-06,0.10040737066509076,2017-11-06,0.08882065117359161
2017-11-07,0.11064323782386176,2017-11-07,0.095091812312603
2017-11-09,0.11074359137459444,2017-11-09,0.10568813979625702
2017-11-10,0.11759857858457856,2017-11-10,0.11991019546985626
2017-11-13,0.11069626532114407,2017-11-13,0.11623949557542801
2017-11-14,0.08515470361496003,2017-11-14,0.08669982105493546
2017-11-15,0.07421150278293154,2017-11-15,0.07840939611196518
2017-11-16,0.07676744854783712,2017-11-16,0.06429782509803772
2017-11-17,0.07072053913816467,2017-11-17,0.0699918270111084
2017-11-20,0.06437741749650239,2017-11-20,0.061805397272109985
2017-11-21,0.08638987153230304,2017-11-21,0.06515414267778397
2017-11-22,0.06773312762005301,2017-11-22,0.04322173446416855
2017-11-24,0.0632824765508635,2017-11-24,0.03525995463132858
2017-11-27,0.0803176426721488,2017-11-27,0.040242549031972885
2017-11-28,0.07642235270297637,2017-11-28,0.05178169161081314
2017-11-29,0.03155173271018752,2017-11-29,0.03708498924970627
2017-11-30,0.03034853080097455,2017-11-30,0.03830884024500847
2017-12-01,0.017065692996120374,2017-12-01,0.03398159146308899
2017-12-04,0.00249665626393214,2017-12-04,0.027387984097003937
2017-12-05,0.008506429277942651,2017-12-05,0.017578547820448875
2017-12-06,0.01972865691095449,2017-12-06,0.008093435317277908
2017-12-07,0.04265152120099014,2017-12-07,0.015383608639240265
2017-12-08,0.04408648153859929,2017-12-08,0.01122021023184061
2017-12-11,0.06740467155062202,2017-12-11,0.035388216376304626
2017-12-12,0.06098190168843387,2017-12-12,0.0363098680973053
2017-12-13,0.06044621063885591,2017-12-13,0.037237972021102905
2017-12-14,0.06662161344334394,2017-12-14,0.04135841503739357
2017-12-15,0.03708146700591097,2017-12-15,-0.0009462404996156693
